Symbol,Date,ShortVolume,ShortExemptVolume,TotalVolume,Market,Open,Close,Previous day's close change,Short Interest Ratio,Previous short delta,Previous volume delta,Open/Close change,Total Volume/Shares Outstanding
AA,20201026,535431.0,4575.0,3640636,B/Q/N,13.26,13.0,-0.034892,0.14707073159744616,0.0130965026210271,-1665168.0,-0.019607843137254888,0.019581244232105617
AAL,20201026,18416542.0,176734.0,85349599,B/Q/N,12.39,11.8,-0.06349199999999999,0.2157777214629913,0.02600384393698421,-5279650.0,-0.0476190476190476,0.16780233335676942
AAPL,20201026,20668226.0,107352.0,111850657,B/Q/N,114.01,115.05,8.7e-05,0.18478412692739032,-0.06427948448911608,29415596.0,0.00912200684150506,0.006451431246085039
ABBV,20201026,1033261.0,8368.0,7986251,B/Q/N,84.09,83.92,-0.00498,0.12937998066927775,-0.12759765667410516,3748606.0,-0.002021643477226801,0.00452521563615195
ABEV,20201026,9671108.0,5390.0,36584303,B/Q/N,2.51,2.56,0.01992,0.2643512984243543,0.17857485162449627,11217491.0,0.01992031872509971,0.0023250097699537647
ABT,20201026,1052844.0,2557.0,7297958,B/Q/N,107.57,109.0,0.011226,0.14426556031152823,0.0008502143111431271,3725014.0,0.013293669238635371,0.004121905872321794
ACB,20201026,1717619.0,3458.0,6355921,B/Q/N,4.66,4.4,-0.059829,0.2702391990082948,-0.08394941208174972,-764339.0,-0.05579399141630897,0.052299744455466986
ACI,20201026,580410.0,3263.0,2975935,B/Q/N,14.75,14.8,-0.002023,0.19503450176163123,-0.4483820425359703,1006483.0,0.0033898305084746243,0.0062962388153765675
ACOR,20201026,1151848.0,9835.0,3407824,B/Q/N,0.8256,0.8998,0.077476,0.3380010235270366,-0.1065779445558766,-60381.0,0.08987403100775199,0.07104343957398586
ACST,20201026,511315.0,2500.0,2547362,Q/N,0.2,0.2008,-0.029952,0.2007233365340301,0.2007233365340301,2547362.0,0.003999999999999976,0.026296939573420195
ACWI,20201026,1216767.0,10003.0,4995996,B/Q/N,81.51,81.05,-0.016861,0.24354843358561537,-0.5167475860695675,3586495.0,-0.005643479327689951,0.031740762388818296
ADMP,20201026,1501509.0,21668.0,3852534,B/Q/N,0.81,0.7982,0.00605,0.389745814053815,-0.022130364138465974,2239894.0,-0.014567901234567941,0.041134225607336546
ADP,20201026,558492.0,1327.0,2823398,B/Q/N,147.4,145.77,-0.022989000000000002,0.1978084563352386,0.1978084563352386,2823398.0,-0.011058344640434162,0.006568393116070677
ADXS,20201026,2582181.0,132980.0,13403750,Q/N,0.474,0.4316,-0.152562,0.19264616245453697,-0.050384281910649115,9029870.0,-0.08945147679324894,0.20238957328177085
AEO,20201026,529611.0,200.0,4891585,B/Q/N,14.4,14.09,-0.040191,0.10826981438531683,-0.12382147771130247,1914416.0,-0.021527777777777812,0.02944715978545888
AEP,20201026,613299.0,13225.0,3753494,B/Q/N,91.46,93.59,0.018611,0.16339416021445619,0.16339416021445619,3753494.0,0.023288869451126282,0.007561639720835782
AES,20201026,705491.0,1951.0,5676074,Q/N,20.39,20.58,-0.0033900000000000002,0.12429207230208768,0.12429207230208768,5676074.0,0.009318293281019996,0.008533766636952026
AESE,20201026,590403.0,2890.0,1524430,B/Q/N,1.12,1.07,-0.06140399999999999,0.3872942673655071,0.3872942673655071,1524430.0,-0.04464285714285718,0.0476935578390488
AG,20201026,638968.0,749.0,3276372,B/Q/N,10.81,10.61,-0.033698,0.1950230315727274,-0.08839921543393961,86199.0,-0.018501387604070402,0.015279624911942853
AGEN,20201026,880722.0,35452.0,3564150,B/Q/N,3.93,3.65,-0.073604,0.24710576154202263,0.24710576154202263,3564150.0,-0.07124681933842245,0.01942923274228922
AGG,20201026,1880773.0,100.0,4962531,B/Q/N,117.65,117.63,0.001362,0.37899471056200956,0.09103662102531668,1083786.0,-0.0001699957501063343,0.0071983333333333335
AGNC,20201026,1341808.0,7653.0,6125191,B/Q/N,14.1,14.09,-0.007047,0.21906386266158884,0.011425749929123152,1808156.0,-0.0007092198581560132,0.011026106332435632
AIG,20201026,475651.0,0.0,6021603,B/Q/N,31.87,31.26,-0.034589,0.07899076043372504,-0.060194995261900905,1646184.0,-0.019140257295261982,0.0069902089992046985
AIHS,20201026,829921.0,14578.0,2264619,B/Q/N,1.12,1.12,-0.034483,0.3664726826013559,-0.5150042283696867,-602392.0,0.0,0.05222972176040408
AKBA,20201026,4054572.0,157905.0,10662597,B/Q/N,3.1,2.84,-0.10691800000000001,0.38026120653345524,0.31804862028503056,-10943015.0,-0.08387096774193556,0.07439847833696851
ALRN,20201026,1366795.0,70251.0,5511933,B/Q/N,1.64,1.405,-0.26052600000000004,0.2479701767057038,0.2479701767057038,5511933.0,-0.1432926829268292,0.13823082506122217
AM,20201026,712746.0,3599.0,3808948,B/Q/N,6.64,6.48,-0.021147999999999997,0.18712410880904648,-0.09133679477347775,232252.0,-0.024096385542168565,0.00799196708427856
AMAT,20201026,394411.0,65089.0,6715421,B/Q/N,60.325,59.51,-0.023626,0.05873213310081379,-0.16112816803044916,195540.0,-0.013510153336096226,0.007353057853175471
AMC,20201026,3119820.0,38469.0,10458790,B/Q/N,2.92,2.75,-0.074074,0.29829645685590783,-0.13472309681707711,3833334.0,-0.05821917808219176,0.1817352557124079
AMD,20201026,17972143.0,24013.0,69423675,B/Q/N,82.55,82.23,0.003294,0.2588762839189945,0.11045150799996659,22940701.0,-0.003876438522107731,0.05913144929992833
AMRN,20201026,636054.0,500.0,4098902,B/Q/N,5.0,4.86,-0.024096000000000003,0.15517667902282123,-0.015155423621379088,1263905.0,-0.027999999999999935,0.01063004810822516
AMWL,20201026,738821.0,1487.0,2353062,B/Q/N,32.26,30.04,-0.076261,0.3139828019831182,0.02853445201678445,787700.0,-0.0688158710477371,0.011874290936038963
AMZN,20201026,966760.0,8324.0,5901151,B/Q/N,3198.74,3209.23,0.001507,0.1638256672300031,0.009341445118126318,2441309.0,0.0032794162701564483,0.0117813394391732
ANGI,20201026,762442.0,3.0,2778007,B/Q/N,10.93,10.84,-0.022543,0.2744564718519428,0.10559616792352453,383430.0,-0.008234217749313802,0.03746493672420096
APA,20201026,3240457.0,66774.0,13881294,B/Q/N,9.07,8.56,-0.077586,0.23344055676653777,-0.06670006500162914,5188472.0,-0.0562293274531422,0.036775667425679594
APHA,20201026,1208756.0,572.0,4966737,B/Q/N,4.54,4.57,0.004396,0.24337024489116296,-0.016830669076529553,990010.0,0.006607929515418557,0.0171656765903828
APPS,20201026,417478.0,11331.0,3432440,B/Q/N,33.54,31.71,-0.06322,0.12162718066448358,0.01761224164196455,173860.0,-0.054561717352414975,0.03919039998472775
APTO,20201026,331377.0,11633.0,2671785,B/Q/N,5.1,4.75,-0.06862700000000001,0.12402831814685687,0.12402831814685687,2671785.0,-0.0686274509803921,0.03054036831698936
AR,20201026,2013257.0,6822.0,8767377,B/Q/N,3.96,3.72,-0.06766899999999999,0.2296304812716506,0.047595275852194086,1184624.0,-0.060606060606060545,0.03264722275684442
ARKK,20201026,351081.0,1046.0,2342242,B/Q/N,98.16,97.2,-0.019964,0.1498910018691493,-0.04933613309442342,469470.0,-0.009779951100244435,0.02269614341085271
ARLP,20201026,442063.0,3936.0,1826788,B/Q/N,3.24,3.36,0.076923,0.24198921823440925,0.24198921823440925,1826788.0,0.03703703703703693,0.014362080700533249
ARTL,20201026,1077240.0,36170.0,2917373,B/Q/N,0.5704,0.59,0.035088,0.36925000676978914,0.13238232248516923,120056.0,0.03436185133239823,0.19305536870482234
ATUS,20201026,191579.0,0.0,10409160,B/Q/N,27.4,27.1,-0.019537,0.01840484726913603,0.01840484726913603,10409160.0,-0.010948905109488948,0.02656055041453457
ATVI,20201026,231200.0,908.0,4235527,B/Q/N,80.75,80.49,-0.006787,0.05458588742321794,-0.02790004316582883,-67425.0,-0.0032198142414861315,0.005487343344147846
AUY,20201026,3199163.0,7700.0,15377338,B/Q/N,5.75,5.67,-0.022414,0.20804400605618475,-0.03316029882375565,4050007.0,-0.013913043478260882,0.016158368920123067
AVGR,20201026,994021.0,13000.0,2434499,Q/N,0.2927,0.2795,-0.038528,0.4083061853794148,0.17431046871854072,305319.0,-0.045097369320122954,0.02866778223578624
AVTR,20201026,587796.0,0.0,4557369,B/Q/N,24.64,24.73,-0.006827,0.12897704794147677,0.03645001946397024,-6631848.0,0.003652597402597397,0.00790350680361399
AXGT,20201026,681240.0,2566.0,3040244,B/Q/N,3.54,3.81,0.08857100000000001,0.22407412036665478,0.22407412036665478,3040244.0,0.07627118644067797,0.06434415740246892
AXP,20201026,711065.0,36802.0,5731514,B/Q/N,99.77,96.88,-0.040602,0.1240623332683127,0.0664947764926253,-3184098.0,-0.028966623233436913,0.007118468404040091
AYTU,20201026,802936.0,14635.0,2352204,B/Q/N,0.9866,1.02,0.030095,0.3413547464420603,-0.11911860659952939,943319.0,0.033853638759375616,0.01869241420892208
AZN,20201026,1035056.0,5718.0,6021982,B/Q/N,52.87,53.07,0.020577,0.17187962368535808,0.17187962368535808,6021982.0,0.003782863627766273,0.004588889037898261
BA,20201026,3046679.0,17363.0,16151140,B/Q/N,164.95,160.83,-0.039018000000000004,0.18863553903934954,-0.08276290842999312,6141547.0,-0.024977265838132624,0.02861400675148644
BABA,20201026,1783486.0,6634.0,9350118,B/Q/N,309.92,306.87,-0.009840999999999999,0.19074475851534708,-0.01621553505054507,3121329.0,-0.00984124935467221,0.00043197403154584765
BAC,20201026,6786337.0,53316.0,59450201,B/Q/N,24.47,24.54,-0.014458,0.11415162414673753,-0.0073518779446735405,8453531.0,0.0028606456885982953,0.006861672454756169
BB,20201026,685554.0,0.0,3772836,Q/N,5.03,4.88,-0.046875,0.18170787174422637,0.18170787174422637,3772836.0,-0.02982107355864818,0.006751003638557262
BBBY,20201026,553320.0,1719.0,4892388,B/Q/N,24.7977,24.73,-0.024842,0.11309814348330509,-0.05357500843192957,-555874.0,-0.002730091903684557,0.0388259435680144
BBD,20201026,1846676.0,7592.0,21514089,B/Q/N,4.0,4.04,0.01,0.08583565866999993,-0.11808983568550244,-4462359.0,0.010000000000000009,0.004850862293156981
BBEU,20201026,148255.0,0.0,2942381,Q/N,22.98,22.83,-0.021012,0.050386064890984544,0.03326785146414446,-441617.0,-0.006527415143603226,0.01350955463728191
BBI,20201026,1434938.0,34256.0,4672696,B/Q/N,0.53,0.5201,0.002313,0.30708995406506223,0.23873181120921053,-10817324.0,-0.018679245283018904,0.1429739300536923
BCRX,20201026,924493.0,10660.0,5064010,B/Q/N,3.64,3.84,0.03504,0.18256144833837215,-0.11053309000907488,1965955.0,0.05494505494505487,0.028680611449945787
BCS,20201026,792553.0,2637.0,4751992,B/Q/N,5.8,5.74,-0.015437000000000001,0.16678331950053787,0.060835114723807635,-204411.0,-0.010344827586206829,0.0002738420068108582
BE,20201026,795347.0,11213.0,4772899,B/Q/N,16.0,15.67,-0.046257,0.16663813753444184,-0.13155605373330392,-771099.0,-0.020625000000000004,0.04626602273624251
BEN,20201026,695662.0,500.0,4765129,B/Q/N,22.9,22.84,-0.016365,0.14599017151476906,0.03794085478608099,1547154.0,-0.002620087336244486,0.009619592966613745
BEST,20201026,1036287.0,1970.0,4148603,B/Q/N,2.84,2.97,0.03125,0.24979179738336013,0.24979179738336013,4148603.0,0.04577464788732406,0.016742829481653294
BHC,20201026,485036.0,4292.0,3129358,B/Q/N,18.5,17.83,-0.028866999999999997,0.15499536965729072,0.03131024593357491,-57824.0,-0.03621621621621631,0.008815262806753798
BIL,20201026,2079103.0,0.0,3162437,Q/N,91.52,91.53,0.0,0.6574369702858903,0.6574369702858903,3162437.0,0.00010926573426579017,0.021218072027788908
BILI,20201026,360728.0,138168.0,2775270,B/Q/N,43.78,45.0,0.012601,0.12997942542527394,0.10024117539034522,-1984425.0,0.027866605756052966,0.010589770429130197
BK,20201026,271042.0,615.0,4531188,B/Q/N,37.17,36.73,-0.024954,0.05981698397859458,0.05981698397859458,4531188.0,-0.01183750336292722,0.00511342277031968
BKLN,20201026,1865134.0,0.0,6941856,B/Q/N,21.71,21.63,-0.003685,0.26867944250067993,-0.04244580994534225,4570557.0,-0.0036849378166744287,0.03507759474482062
BLMN,20201026,779979.0,37680.0,5652198,B/Q/N,16.1,15.23,-0.063346,0.13799569654141627,0.09247502107717778,-6080888.0,-0.054037267080745396,0.06456210708531968
BMY,20201026,375592.0,1337.0,7484139,B/Q/N,59.82,59.67,-0.0076500000000000005,0.05018506470817819,-0.005721091724483859,147845.0,-0.0025075225677030854,0.0033204773926374313
BND,20201026,1166473.0,0.0,4177001,B/Q/N,87.8117,87.83,0.001482,0.2792608859801566,-0.14949949504188642,939603.0,0.00020840047510749056,0.005801204816482686
BNDX,20201026,703402.0,0.0,2310365,B/Q/N,58.29,58.32,0.000858,0.3044549237890983,-0.019380717310697737,66276.0,0.0005146680391147905,0.004041320723479996
BNGO,20201026,1420648.0,57908.0,4181560,B/Q/N,0.5447,0.5444,0.014914,0.3397411492361702,-0.5700517009114745,2839826.0,-0.0005507618872773398,0.030196119592537683
BNTX,20201026,547562.0,2604.0,2879921,B/Q/N,88.22,82.93,-0.064945,0.19013090984092967,0.19013090984092967,2879921.0,-0.05996372704602122,0.012091695944873453
BOXL,20201026,752950.0,17683.0,2080391,B/Q/N,1.5,1.43,-0.065359,0.36192715696232103,0.36192715696232103,2080391.0,-0.04666666666666671,0.04118388054675025
BP,20201026,1923400.0,1922.0,19148615,B/Q/N,16.02,15.8,-0.015576000000000001,0.10044590692329446,-0.003928879757050724,3798998.0,-0.013732833957552988,0.0009448346536977735
BRFS,20201026,628606.0,700.0,8218410,B/Q/N,3.19,3.25,-0.006116,0.07648754442769344,0.07648754442769344,8218410.0,0.018808777429467103,0.010115299230419213
BRK/B,20201026,466265.0,6791.0,0,B/Q/N,0.0,0.0,0.0,0.0,0.0,0.0,0.0,0.0
BSGM,20201026,819094.0,66287.0,3268417,B/Q/N,2.92,3.03,-0.396414,0.25060878094808586,0.25060878094808586,3268417.0,0.037671232876712285,0.10966512316258022
BSV,20201026,530444.0,0.0,1429334,B/Q/N,82.92,82.9,0.0,0.3711127000407183,0.3711127000407183,1429334.0,-0.000241196333815678,0.00431415604035345
BSX,20201026,774773.0,6419.0,9594496,B/Q/N,36.69,36.86,-0.00834,0.08075181854263111,0.020798226284967435,-2818088.0,0.004633415099482194,0.006706273770411094
BTG,20201026,1085430.0,540.0,5175733,B/Q/N,6.71,6.54,-0.031111,0.20971522294523307,-0.09789077618450884,1636553.0,-0.02533532041728762,0.0049515385781265416
BVXV,20201026,1631461.0,86718.0,6536774,B/Q/N,4.3,3.9,-0.25,0.2495819803468806,0.2495819803468806,6536774.0,-0.09302325581395347,0.025004911739612914
BX,20201026,690208.0,8779.0,3792653,B/Q/N,54.14,52.84,-0.032943,0.18198553888267657,0.18198553888267657,3792653.0,-0.024011821204285133,0.005651813005296871
BXRX,20201026,481423.0,18025.0,2375616,B/Q/N,1.43,1.29,-0.116438,0.20265185955979417,0.20265185955979417,2375616.0,-0.09790209790209783,0.12928801077835472
BYND,20201026,397322.0,2243.0,2731482,B/Q/N,171.42,164.54,-0.041867999999999995,0.14546023001432923,-0.09320001452935206,1021767.0,-0.040135340100338326,0.043742403380577416
C,20201026,3946004.0,13595.0,24928127,B/Q/N,43.36,43.26,-0.015700000000000002,0.15829524616911653,0.04713800454980038,6451562.0,-0.0023062730627306603,0.011973163784822285
CARR,20201026,400691.0,590.0,5197125,B/Q/N,34.45,33.71,-0.034927,0.07709858816172403,-0.010827182896046297,124710.0,-0.021480406386066818,0.006000156081121951
CAT,20201026,548998.0,3770.0,4506577,B/Q/N,166.64,163.2,-0.031971,0.12182150665571674,0.12182150665571674,4506577.0,-0.020643302928468544,0.008322294147582603
CCC,20201026,1013582.0,0.0,3140162,B/Q/N,29.1,29.5,0.007514,0.3227801622973592,0.3227801622973592,3140162.0,0.013745704467353903,0.008106428591317431
CCEP,20201026,256680.0,0.0,2336580,B/Q/N,38.66,38.29,-0.018959999999999998,0.10985286187504814,0.10985286187504814,2336580.0,-0.009570615623383277,0.005144798483733925
CCIV,20201026,254487.0,0.0,2394804,Q/N,9.65,9.65,0.002077,0.10626631657538571,0.10626631657538571,2394804.0,0.0,0.011569101449275362
CCL,20201026,9672466.0,182042.0,49748360,B/Q/N,14.75,14.03,-0.08658899999999999,0.19442783641510997,0.03938602132692587,24138585.0,-0.04881355932203394,0.06904043730685917
CDEV,20201026,1499284.0,700.0,3817205,B/Q/N,0.65,0.6115,-0.073485,0.3927701027322347,0.14062243068332425,1648345.0,-0.0592307692307692,0.013715702363123456
CEI,20201026,1014244.0,44569.0,2463375,B/Q/N,0.8501,0.8031,-0.060372,0.4117294362409296,-0.04764495281087877,366225.0,-0.05528761322197381,0.098535
CFG,20201026,601928.0,837.0,4478551,Q/N,28.8,28.36,-0.026432999999999998,0.1344023993474675,0.05322733606618088,84677.0,-0.015277777777777822,0.010486614979463328
CGC,20201026,635425.0,41576.0,5191979,B/Q/N,19.55,18.53,-0.06082099999999999,0.12238589562862254,-0.1762330760369751,82960.0,-0.05217391304347824,0.013984294948374956
CHGG,20201026,784660.0,2984.0,3912089,B/Q/N,87.03,86.69,-0.000807,0.20057314646982724,-0.20324328030140007,2009524.0,-0.003906698839480678,0.031469355148136244
CIDM,20201026,862660.0,3481.0,3731552,B/Q/N,0.594,0.555,-0.034783,0.23117994871838848,0.23117994871838848,3731552.0,-0.06565656565656552,0.030675200207866696
CIT,20201026,451687.0,212.0,3825565,B/Q/N,30.67,30.39,-0.029073,0.11807066407184298,-0.082775796616806,332668.0,-0.009129442451907438,0.03882778636244144
CLDR,20201026,861006.0,4435.0,4603332,B/Q/N,10.2,9.76,-0.057915,0.18703973556545564,0.06596285532946036,1935143.0,-0.043137254901960735,0.014885585187694598
CLF,20201026,1895048.0,9395.0,12012107,B/Q/N,8.59,8.52,-0.017301,0.15776149846151055,0.04648696720546029,-9810308.0,-0.00814901047729922,0.030090593874865176
CLNY,20201026,1471609.0,14100.0,9337644,B/Q/N,3.26,3.38,0.03681,0.15759960435416043,0.15759960435416043,9337644.0,0.03680981595092028,0.019365528256212496
CLSN,20201026,1429992.0,14504.0,4279054,B/Q/N,0.55,0.63,0.125402,0.3341841444394018,0.3341841444394018,4279054.0,0.14545454545454536,0.11833739032704292
CLVS,20201026,1065609.0,18932.0,3303408,B/Q/N,5.49,5.24,-0.06093200000000001,0.32257868237892506,0.1696044781719736,-784778.0,-0.04553734061930783,0.03745232688258227
CMCSA,20201026,837692.0,4447.0,15634591,B/Q/N,44.71,43.77,-0.028628,0.0535793996785717,-0.06515031734511965,5105441.0,-0.02102437933348239,0.0034296490413652353
CNK,20201026,1002795.0,14982.0,8547142,B/Q/N,9.04,8.66,-0.074786,0.11732518308459132,0.019398783628572655,-2417940.0,-0.04203539823008839,0.07263407379710046
CNP,20201026,278180.0,17317.0,4626300,B/Q/N,21.85,22.13,-0.004497999999999999,0.060130125586321685,0.060130125586321685,4626300.0,0.012814645308924373,0.008491444352670434
CNX,20201026,821980.0,1877.0,6977923,B/Q/N,11.28,10.62,-0.06842100000000001,0.1177972299207085,-0.10324887425387137,-896570.0,-0.058510638297872355,0.031081661414291955
CODX,20201026,3223264.0,26349.0,9242271,B/Q/N,12.56,14.04,0.126806,0.3487523791501028,0.3487523791501028,9242271.0,0.11783439490445849,0.32910895455278194
COF,20201026,497551.0,1896.0,5111875,B/Q/N,76.63,74.95,-0.038979,0.09733238782247218,-0.020602070992100624,-2499980.0,-0.021923528644134056,0.01117594009619589
COG,20201026,813213.0,53.0,4664999,B/Q/N,19.85,19.34,-0.017276,0.17432222386328486,0.03804461845232596,-1016360.0,-0.02569269521410587,0.011704050360735593
COP,20201026,1554679.0,1360.0,11522826,B/Q/N,31.76,30.32,-0.068224,0.13492167633183041,-0.00678528064242509,-3811714.0,-0.04534005037783379,0.010789595151721882
COTY,20201026,2325368.0,7027.0,9347024,B/Q/N,3.32,3.16,-0.067847,0.2487816442966232,0.07364070444365775,3046464.0,-0.04819277108433726,0.012216303161677529
CPRI,20201026,382624.0,3117.0,4782244,B/Q/N,22.3,22.34,-0.007993,0.08000930107288545,0.08000930107288545,4782244.0,0.001793721973094132,0.03180853002849059
CRBP,20201026,860944.0,282.0,2406470,B/Q/N,1.02,0.9637,-0.045842,0.3577621994041064,-0.0846075905849421,-77210.0,-0.055196078431372565,0.029450583190007006
CRM,20201026,497750.0,5206.0,5864144,B/Q/N,245.3,241.98,-0.034089,0.08488024850685795,-0.018289669386054974,2704977.0,-0.013534447615165191,0.0064441142857142855
CRON,20201026,376178.0,4623.0,2056118,B/Q/N,5.79,5.53,-0.051458000000000004,0.18295545294579396,0.0076270068231321375,-408137.0,-0.044905008635578544,0.005876530177357393
CRWD,20201026,688180.0,3441.0,3623763,B/Q/N,134.01,133.08,-0.01728,0.18990756293940855,-0.24460300307630403,1670425.0,-0.0069397806133869,0.01965055375482085
CSCO,20201026,3378471.0,19249.0,29146548,B/Q/N,38.4,37.67,-0.029624,0.11591324639885313,-0.0004509952228204245,13591950.0,-0.019010416666666585,0.0069050966526498355
CSCW,20201026,471468.0,9112.0,1657613,B/Q/N,0.607,0.6063,-0.041877000000000004,0.2844258581466241,0.2844258581466241,1657613.0,-0.0011532125205931366,0.030604829664946025
CTIB,20201026,627323.0,33512.0,1981405,B/Q/N,2.12,1.84,-0.119617,0.31660513625432457,0.31660513625432457,1981405.0,-0.1320754716981132,0.4155253937719163
CTRM,20201026,1676887.0,69947.0,5754013,Q/N,0.1487,0.1427,-0.059941,0.29142912954836914,-0.16359443788686528,2133339.0,-0.040349697377269705,0.043852669812182964
CTSH,20201026,656958.0,1091.0,6195658,B/Q/N,73.2,72.71,-0.019023,0.10603522660547113,0.10603522660547113,6195658.0,-0.006693989071038376,0.011426028182884126
CTXR,20201026,480831.0,44340.0,1801777,B/Q/N,1.14,1.02,-0.10526300000000001,0.26686487839505113,0.26686487839505113,1801777.0,-0.10526315789473675,0.03247859941579595
CVE,20201026,7702340.0,717489.0,33619289,B/Q/N,3.36,3.4,-0.08355800000000001,0.22910478564850079,0.22910478564850079,33619289.0,0.011904761904761916,0.027357891114369655
CVS,20201026,694264.0,6498.0,7551482,B/Q/N,59.91,59.56,-0.011452,0.09193745015879003,0.019716274184547897,744088.0,-0.005842096478050314,0.005770201033702478
CVX,20201026,1311822.0,22883.0,9710860,B/Q/N,71.73,70.94,-0.022461000000000002,0.13508813843470094,0.045072855464847586,984153.0,-0.01101352293322189,0.00504446648852498
CXO,20201026,404675.0,0.0,4394044,B/Q/N,46.12,43.79,-0.067703,0.09209625574982863,0.02410721496128615,-1382284.0,-0.050520381613182966,0.022383734537720374
DAL,20201026,2726371.0,13981.0,16558336,B/Q/N,33.5,31.93,-0.060882,0.1646524747414233,-0.08439889237835255,1325362.0,-0.046865671641791055,0.025964317701016995
DB,20201026,415950.0,0.0,4411538,B/Q/N,9.65,9.54,-0.011399,0.09428684508667952,0.02209918915997569,315062.0,-0.011398963730570073,0.0021345052022548284
DDD,20201026,2055920.0,110867.0,8613174,B/Q/N,7.4,6.38,-0.167102,0.23869481796141584,-0.17756736627953507,3313603.0,-0.1378378378378379,0.07110386432656218
DDOG,20201026,656234.0,302.0,3296132,B/Q/N,100.65,99.76,-0.022727,0.1990921480086356,0.01771479867318493,349022.0,-0.008842523596621962,0.01736652450466528
DFEN,20201026,466706.0,13737.0,3249340,B/Q/N,11.21,10.72,-0.078246,0.14363101429828826,0.14363101429828826,3249340.0,-0.04371097234611955,0.16536080583405569
DFS,20201026,834127.0,1041.0,4362638,B/Q/N,66.57,65.88,-0.031176,0.19119784864112035,-0.022997952137960853,-140102.0,-0.010365029292474055,0.014256986928104575
DGRO,20201026,864432.0,1849.0,1994834,B/Q/N,40.8,40.45,-0.019156,0.43333530509305535,-0.2059029887920027,615982.0,-0.008578431372548882,0.006708706911047587
DHT,20201026,655123.0,2536.0,2912110,B/Q/N,5.02,4.97,-0.013889,0.22496505969898115,0.22496505969898115,2912110.0,-0.009960159362549766,0.017049991262209546
DHY,20201026,921294.0,0.0,3766378,B/Q/N,2.11,2.08,-0.014218,0.2446100736569723,-0.08205789980524203,2343049.0,-0.014218009478672893,0.03638752328070219
DIA,20201026,764861.0,4942.0,5140625,B/Q/N,280.14,277.0,-0.022376,0.14878755015197567,0.14878755015197567,5140625.0,-0.011208681373598867,0.06220288800000126
DIS,20201026,1239001.0,17367.0,8578901,B/Q/N,127.11,124.06,-0.033424,0.14442421004741748,-0.0036285251597677204,3140940.0,-0.023994964990952695,0.0047474267732720045
DKNG,20201026,5849007.0,43901.0,32577887,B/Q/N,42.15,39.69,-0.071362,0.17953917637445302,-0.15215292408505746,9537281.0,-0.058362989323843435,0.08612977822385569
DNKN,20201026,1616689.0,21012.0,14859558,B/Q/N,104.63,103.1,0.161167,0.10879791983045525,0.10879791983045525,14859558.0,-0.01462295708687758,0.1806096917946139
DOCU,20201026,525328.0,7251.0,2982805,B/Q/N,218.0,220.17,0.001592,0.17611878751711896,-0.19919790755808592,806816.0,0.009954128440366914,0.016108912527147627
DOW,20201026,747529.0,3712.0,4026350,B/Q/N,47.94,47.15,-0.028436,0.18565921988898135,-0.14074005773794626,903310.0,-0.01647893199833123,0.005432780281828302
DPW,20201026,625776.0,5038.0,1967453,B/Q/N,1.92,1.95,0.015625,0.3180640147439354,-0.11204650976375868,701218.0,0.015625000000000014,0.17789522006051384
DSS,20201026,38937949.0,305062.0,119930094,B/Q/N,5.54,6.82,0.6881189999999999,0.3246720460337503,0.3246720460337503,119930094.0,0.23104693140794227,23.445923202296537
DT,20201026,356781.0,704.0,2751191,B/Q/N,42.8,40.31,-0.069483,0.129682381194181,0.129682381194181,2751191.0,-0.05817757009345783,0.009788730489334197
DUST,20201026,516902.0,7521.0,3771076,B/Q/N,19.28,19.52,0.030078999999999998,0.13707016246821863,0.03611891577594539,115242.0,0.012448132780082905,1.7815422525496658
DVAX,20201026,895413.0,15045.0,3729365,B/Q/N,4.14,3.93,-0.055288000000000004,0.24009797914658393,0.24009797914658393,3729365.0,-0.050724637681159306,0.03405451962980142
DVN,20201026,899339.0,9239.0,9174089,B/Q/N,9.12,8.81,-0.058761,0.09803033303906251,-0.06312683657119413,414094.0,-0.0339912280701753,0.023977869837895543
DXD,20201026,717370.0,1500.0,2615337,B/Q/N,15.28,15.62,0.045515,0.27429352316737765,0.27429352316737765,2615337.0,0.022251308900523552,0.2614220205128369
DXLG,20201026,877184.0,410.0,2666685,B/Q/N,0.2678,0.2755,-0.010771999999999999,0.32894173852554764,-1.0080867259744029,1196011.0,0.028752800597460944,0.05172513419040128
EBAY,20201026,668043.0,7810.0,6597303,B/Q/N,53.49,53.34,-0.008366,0.10126001488790191,0.01410547165151102,863626.0,-0.0028042624789680047,0.009426319483664994
EBC,20201026,170670.0,2896.0,2336605,Q/N,12.05,12.08,-0.014681999999999999,0.07304187057718356,-0.10512732486669252,301893.0,0.0024896265560165444,0.012511394817063783
EEM,20201026,3750275.0,15205.0,53574288,B/Q/N,45.77,45.72,-0.012953,0.07000139693877033,0.027089726306415055,16642913.0,-0.0010924186148132894,0.09912903691368304
EFA,20201026,1349252.0,14400.0,17745738,B/Q/N,64.16,63.81,-0.018006,0.07603245353898497,-0.02476846487601471,-1588441.0,-0.005455112219451283,0.024544589211618256
EIX,20201026,657125.0,264.0,3642082,B/Q/N,59.98,58.19,-0.038023,0.18042564664936156,0.18042564664936156,3642082.0,-0.029843281093697886,0.009629507895977713
EMB,20201026,899955.0,0.0,2802302,B/Q/N,110.79,110.57,-0.0036049999999999997,0.321148470079242,0.003767102649751386,-317815.0,-0.001985738785089025,0.017624540880503144
ENB,20201026,539677.0,17606.0,3897726,B/Q/N,28.8,28.5,-0.014523,0.13845945045906255,0.13845945045906255,3897726.0,-0.01041666666666669,0.001924618193913775
ENDP,20201026,339528.0,2436.0,3595147,B/Q/N,5.83,5.545,-0.042314,0.09444064456891471,-0.033543078993062136,779789.0,-0.048885077186964006,0.015643588443720446
ENPH,20201026,521956.0,1229.0,2958413,B/Q/N,98.56,103.67,0.00329,0.1764310797714856,-0.35049069600270316,-408434.0,0.051846590909090905,0.023478091431606445
EOG,20201026,561757.0,956.0,5054938,B/Q/N,36.77,34.93,-0.068782,0.1111303442297413,-0.4556627596895,588691.0,-0.05004079412564599,0.008681827225908987
EPD,20201026,1653517.0,32108.0,8533145,B/Q/N,17.5,17.31,-0.018151,0.19377580012996382,0.011849595627018206,3034300.0,-0.01085714285714293,0.003903727949401892
EQNR,20201026,724806.0,1219.0,4547615,B/Q/N,13.79,13.57,-0.042343,0.1593815659417079,0.1593815659417079,4547615.0,-0.01595358955765039,0.0013959640729920954
ERIC,20201026,712376.0,1050.0,7164321,B/Q/N,12.33,12.08,-0.022654,0.09943384725502948,-0.06237132316061565,-679149.0,-0.0202757502027575,0.0023318353422850328
ERX,20201026,783026.0,4766.0,3515443,B/Q/N,9.2,8.86,-0.06834900000000001,0.22273892650229288,0.0740911487081708,660217.0,-0.03695652173913042,0.13135199280513446
ET,20201026,3277991.0,5650.0,14540509,B/Q/N,6.2,6.18,-0.019048,0.22543853175978915,0.03384302678272638,1988226.0,-0.003225806451612978,0.005394164193500519
ETM,20201026,480421.0,9603.0,2633189,B/Q/N,1.49,1.74,0.13725500000000002,0.18244835444778176,0.18244835444778176,2633189.0,0.16778523489932887,0.019656634515110186
ETSY,20201026,882033.0,2141.0,3256182,B/Q/N,137.49,139.73,0.013675,0.27087951472000027,-0.09587566769588829,1159380.0,0.016292093970470437,0.02728774939962974
EVRI,20201026,848639.0,23904.0,3456417,B/Q/N,9.33,8.93,-0.06979199999999999,0.24552564114804434,-0.038767589043126965,1690828.0,-0.04287245444801719,0.04044911213324858
EWT,20201026,848098.0,0.0,4944258,B/Q/N,46.33,46.3,-0.0038729999999999997,0.17153190630424223,0.17153190630424223,4944258.0,-0.0006475285991798217,0.049393186813186815
EWZ,20201026,907158.0,0.0,15308228,B/Q/N,29.58,29.56,0.002374,0.05925950410459003,0.006147087951119977,-5807136.0,-0.0006761325219742926,0.08848686705202312
EXC,20201026,639242.0,2279.0,6386740,B/Q/N,41.41,41.7,-0.011848000000000001,0.10008893426067132,0.10008893426067132,6386740.0,0.007003139338324228,0.006553837324580421
EXPR,20201026,777281.0,100.0,2118441,Q/N,0.76,0.7495,-0.025484,0.36691179976218363,-0.2263603597694827,31382.0,-0.01381578947368415,0.03267296327754314
EYPT,20201026,451478.0,3847.0,1716915,Q/N,0.455,0.4105,-0.10468899999999999,0.2629588535250726,0.2629588535250726,1716915.0,-0.09780219780219788,0.012834237046892748
F,20201026,15132246.0,23516.0,62130950,B/Q/N,8.035,8.03,-0.015931,0.24355407409672636,0.029921062613263494,-29916.0,-0.0006222775357810556,0.015900284826995313
FAS,20201026,533828.0,780.0,3652433,B/Q/N,38.44,37.22,-0.064824,0.14615682204163635,0.04548265356345271,1400177.0,-0.03173777315296563,0.09223481259979188
FAZ,20201026,442638.0,20266.0,3563855,B/Q/N,13.07,13.42,0.06254900000000001,0.12420202280956998,-0.1446852524781277,1291505.0,0.026778882938025987,0.18069666366845377
FB,20201026,3765931.0,16676.0,21322925,B/Q/N,283.16,277.11,-0.026966999999999998,0.17661418402963008,-0.007374659430295527,3814271.0,-0.021366012148608598,0.008868728387285633
FCEL,20201026,2263087.0,5100.0,10717879,B/Q/N,2.31,2.25,-0.054622000000000004,0.21115063903968312,-0.027221425577726388,74803.0,-0.025974025974025997,0.03703494995341052
FCX,20201026,2747825.0,18709.0,24926860,B/Q/N,17.97,17.36,-0.054466,0.11023550499340871,-0.07041482033930273,8460640.0,-0.03394546466332774,0.0171646745111568
FE,20201026,472191.0,2703.0,7173152,B/Q/N,33.04,33.32,0.000601,0.06582754694170707,-0.06738710664525795,2760717.0,0.008474576271186475,0.013231902920967096
FEYE,20201026,527418.0,6559.0,3663168,B/Q/N,14.17,14.15,-0.00632,0.14397865454164263,-0.09864798472639666,1458678.0,-0.0014114326040931245,0.016243116203262756
FHN,20201026,703082.0,1841.0,5307433,B/Q/N,10.95,10.75,-0.029783,0.13247119652758688,0.06257122769742589,-3104545.0,-0.01826484018264834,0.009592780140514323
FISV,20201026,394896.0,27329.0,4897687,B/Q/N,99.89,98.38,-0.027673,0.08062908062520124,-0.0768493477388745,2664778.0,-0.015116628291120284,0.007313801752779336
FIT,20201026,614455.0,2156.0,2636694,Q/N,6.96,6.97,0.002878,0.2330399356163438,-0.08530831014320497,-1221386.0,0.0014367816091953717,0.01088973199229395
FITB,20201026,561940.0,15398.0,4478897,B/Q/N,23.95,23.45,-0.039722,0.1254639256048978,-0.024711669950275517,-1753607.0,-0.020876826722338204,0.006287689098280568
FLEX,20201026,703907.0,409.0,6830092,B/Q/N,14.36,14.095,-0.035910000000000004,0.10305966596057564,0.05875008392009983,-1752318.0,-0.0184540389972144,0.013635952285534799
FNGD,20201026,312608.0,6062.0,2609436,B/Q/N,7.81,7.96,0.051519,0.1197990676912559,0.1197990676912559,2609436.0,0.019206145966709394,26.09436
FOXA,20201026,983704.0,1973.0,4847095,B/Q/N,26.82,26.41,-0.024742,0.20294712606210524,0.20294712606210524,4847095.0,-0.015287099179716634,0.014307293971426216
FROG,20201026,803567.0,50.0,2717843,B/Q/N,82.9,85.07,-0.002111,0.29566350962877547,0.29566350962877547,2717843.0,0.02617611580217114,0.030649423584447395
FSLR,20201026,660981.0,535.0,3550542,B/Q/N,82.65,83.75,-0.018976,0.1861634082909032,0.1861634082909032,3550542.0,0.013309134906231024,0.033505899176718694
FSLY,20201026,1848282.0,17283.0,10175657,B/Q/N,76.05,74.02,-0.030517,0.18163760826450812,0.05595630615128741,-10028669.0,-0.02669296515450363,0.11256257743362832
FSM,20201026,634354.0,3987.0,3057746,B/Q/N,7.01,7.02,-0.019553,0.20745804262355344,0.0015293418984795026,591101.0,0.0014265335235377728,0.01661962084430328
FTCH,20201026,718748.0,2065.0,7139448,B/Q/N,29.88,28.79,-0.039693,0.10067276909923568,-0.21802538362653495,2704427.0,-0.03647925033467202,0.024037106951047313
FTI,20201026,488591.0,0.0,7153082,B/Q/N,6.4,6.1,-0.057187,0.06830496281183411,-0.11748310764332669,-2420326.0,-0.04687500000000011,0.01591666879854424
FUBO,20201026,653649.0,23888.0,2275434,B/Q/N,13.25,13.73,0.017790999999999998,0.28726344073262505,0.28726344073262505,2275434.0,0.03622641509433965,0.03465154232846357
FXI,20201026,1188902.0,100.0,19928917,B/Q/N,44.62,44.7,-0.009528,0.059657130389975534,-0.03901201825980561,8688443.0,0.0017929179740028105,0.2569815215989684
GDX,20201026,2103407.0,115.0,17881875,B/Q/N,38.52,38.21,-0.015714,0.1176278773898151,-0.01740503905227729,3385928.0,-0.008047767393561844,0.04134513673331368
GDXJ,20201026,775922.0,1819.0,7652246,B/Q/N,55.92,55.25,-0.021084000000000002,0.10139794251256429,-0.012598606649993543,1252640.0,-0.01198140200286126,0.06932170529608955
GE,20201026,17402890.0,81600.0,104254426,B/Q/N,7.46,7.38,-0.032765,0.16692710964616506,0.04132192774000676,-28195213.0,-0.010723860589812341,0.01191031462573668
GEO,20201026,1013388.0,2285.0,3251447,B/Q/N,8.94,8.63,-0.041111,0.3116729259311316,-0.3681029397631622,-591249.0,-0.03467561521252782,0.026797505238929677
GEVO,20201026,3134124.0,54497.0,8455140,B/Q/N,1.03,0.965,-0.09813100000000001,0.37067677176250186,-0.10572993129124747,1194688.0,-0.06310679611650491,0.15716217142590327
GHSI,20201026,5200440.0,39847.0,14558694,B/Q/N,0.1986,0.2177,0.103955,0.35720511743704486,-0.3704509443787257,13819724.0,0.09617321248741191,0.17033586975587556
GILD,20201026,1218147.0,16404.0,10256286,B/Q/N,60.36,59.96,-0.013654,0.1187707714078956,0.0904415034642928,-20661209.0,-0.006626905235255112,0.008180654572424081
GLD,20201026,709400.0,11085.0,5105103,B/Q/N,178.75,178.55,-0.000504,0.13895899847662233,0.014681357582460322,-808680.0,-0.0011188811188810553,0.011668806857142857
GLW,20201026,584987.0,1745.0,5815273,B/Q/N,35.1,34.25,-0.036839,0.10059493337630065,0.10059493337630065,5815273.0,-0.024216524216524257,0.00764214269397608
GM,20201026,2267829.0,27080.0,15448127,B/Q/N,36.27,35.82,-0.027423000000000003,0.1468028454193832,-0.16955545266349542,-842443.0,-0.012406947890818936,0.010794608798543421
GME,20201026,2865249.0,87678.0,13376269,B/Q/N,14.93,13.45,-0.103333,0.21420390095324787,-0.4928372405398444,6878814.0,-0.09912926992632287,0.20527836865909238
GNUS,20201026,7340003.0,380739.0,25520267,B/Q/N,1.5,1.44,-0.070968,0.28761466327918905,0.10466220567902776,-17627008.0,-0.040000000000000036,0.11651499285271091
GOLD,20201026,1002452.0,5027.0,10261940,B/Q/N,26.59,26.63,-0.006714,0.09768640237615889,-0.07234610828067722,630329.0,0.001504324934185752,0.005771506811677394
GOVT,20201026,524577.0,0.0,4108286,Q/N,27.715,27.72,0.002532,0.12768755631910728,-0.07807801614304913,286636.0,0.0001804077214504422,0.007549220874678427
GOVX,20201026,6188775.0,35565.0,21859623,B/Q/N,3.84,3.42,0.125,0.2831144434650131,0.2831144434650131,21859623.0,-0.10937499999999999,6.141254377053675
GPOR,20201026,5707581.0,31075.0,18164860,B/Q/N,0.2722,0.2665,-0.022736,0.31421001868442694,-0.11261549971122387,-3165807.0,-0.02094048493754586,0.11344824626926799
GPRO,20201026,937543.0,6612.0,3674665,B/Q/N,6.69,6.43,-0.057874999999999996,0.2551369988828914,0.048081837121720705,662941.0,-0.038863976083707126,0.028498750078223598
GPS,20201026,1497916.0,5243.0,9596595,B/Q/N,21.08,20.6,-0.038282,0.15608827922820542,-0.6129170568661754,-6666798.0,-0.02277039848197329,0.02568729386311343
GRIL,20201026,23954007.0,349669.0,84019925,B/Q/N,2.21,2.04,0.333333,0.2850991238090251,0.2850991238090251,84019925.0,-0.07692307692307689,7.576570593285143
GRWG,20201026,1203438.0,31234.0,5431546,B/Q/N,20.1,17.97,-0.128516,0.22156454166088255,-0.12682041466863483,1407661.0,-0.10597014925373147,0.11392197605206887
GS,20201026,450826.0,1780.0,3249695,B/Q/N,202.49,201.14,-0.019021,0.1387287114636912,0.1387287114636912,3249695.0,-0.006666995901032262,0.009444696339568712
GSK,20201026,304933.0,0.0,3600038,B/Q/N,35.43,35.22,-0.001984,0.08470271702687583,-0.09155311531071227,-1553556.0,-0.005927180355630846,0.0007175142039874675
GT,20201026,915969.0,10360.0,7352708,B/Q/N,10.82,10.35,-0.059091,0.12457573454569391,-0.017518927537468212,2093559.0,-0.04343807763401115,0.03155525628061444
GUSH,20201026,706011.0,42734.0,3778745,B/Q/N,23.13,21.53,-0.10737999999999999,0.18683742882888366,-0.0032357399935541986,955548.0,-0.06917423259835702,0.27726944469433074
HAL,20201026,3486262.0,8062.0,16611726,B/Q/N,13.04,12.79,-0.039068,0.20986753573951317,0.12348611092664648,-1129102.0,-0.019171779141104295,0.018909830064951727
HAS,20201026,696791.0,10647.0,3951220,B/Q/N,87.02,83.4,-0.09347799999999999,0.17634831773477558,0.17634831773477558,3951220.0,-0.041599632268443924,0.02883624097534661
HBAN,20201026,860119.0,11226.0,7800253,B/Q/N,10.36,10.28,-0.018147,0.11026809002220825,-0.08969501497440291,249095.0,-0.007722007722007729,0.007667523574085951
HBI,20201026,848425.0,102.0,3861330,B/Q/N,17.39,17.47,-0.006257,0.21972351495469178,0.21972351495469178,3861330.0,0.004600345025876843,0.011090652012708783
HDGE,20201026,1096604.0,0.0,2073738,B/Q/N,4.22,4.29,0.03125,0.5288054710865114,0.5288054710865114,2073738.0,0.01658767772511855,0.06976410428931876
HEXO,20201026,2796780.0,6451.0,6308930,Q/N,0.7684,0.7098,-0.077223,0.44330496613530346,0.08200357790362717,2953006.0,-0.07626236335242059,0.015440084527728326
HIBS,20201026,657078.0,3506.0,3539943,B/Q/N,4.48,4.7,0.105882,0.18561824300560772,0.18561824300560772,3539943.0,0.049107142857142794,0.3232824362299145
HJLI,20201026,641388.0,1038.0,1831323,B/Q/N,0.36,0.3389,-0.060959000000000006,0.3502320453573728,-0.3286072467987569,611619.0,-0.058611111111111135,0.03679169666054002
HL,20201026,1360437.0,9125.0,7262309,B/Q/N,5.07,5.08,-0.013592,0.1873284378287952,-0.038805738974675374,1992650.0,0.001972386587771161,0.013734190582940353
HMY,20201026,516596.0,400.0,4234254,B/Q/N,5.16,5.13,-0.032075,0.12200401770890457,-0.03979650903810189,-1010389.0,-0.005813953488372141,0.007014385799647666
HPE,20201026,3265392.0,7916.0,13765986,B/Q/N,9.36,9.06,-0.044303999999999996,0.23720727305693903,0.03885180772702135,6400255.0,-0.03205128205128194,0.010701307445110756
HPQ,20201026,1654217.0,2789.0,12399776,B/Q/N,18.88,18.25,-0.045502,0.13340700670721795,0.08505328791059971,6167639.0,-0.033368644067796556,0.009027888952353425
HPR,20201026,1048327.0,5796.0,3847301,B/Q/N,0.15,0.1448,-0.035952000000000005,0.27248374899702416,-0.38619526656091047,-1187429.0,-0.034666666666666554,0.017872462571339086
HST,20201026,1031306.0,10030.0,6897985,B/Q/N,11.48,11.19,-0.03866,0.14950829843787714,0.02597199798436374,938514.0,-0.025261324041811927,0.009780724305130632
HTBX,20201026,1004381.0,3601.0,3204193,B/Q/N,1.17,1.18,-0.008403,0.31345833412656476,-0.3219483075948044,1116692.0,0.008547008547008555,0.018695079001263545
HTZ,20201026,10239061.0,41689.0,26811410,B/Q/N,1.67,1.67,-0.045714,0.3818919258629069,-0.4659821516959628,-2579761.0,0.0,0.1716408329749295
HYG,20201026,14921079.0,100.0,50102357,B/Q/N,84.56,84.12,-0.008837000000000001,0.29781191731159473,0.047683376990928006,29367618.0,-0.005203405865657494,0.14987244092132815
HYLN,20201026,1291072.0,5239.0,4449585,B/Q/N,22.14,20.75,-0.061510999999999996,0.2901555987805604,-0.33062923812125067,680751.0,-0.06278229448961159,0.028911839637721263
IAU,20201026,3929125.0,0.0,14574772,B/Q/N,18.17,18.15,-0.0005510000000000001,0.2695839770255068,-0.0851441660003951,1152420.0,-0.001100715465052456,0.008251349958954907
IBIO,20201026,1556938.0,4456.0,5121315,B/Q/N,1.8,1.85,-0.041451,0.3040113720792414,-0.04312681990162126,992841.0,0.0277777777777778,0.028406339152791362
IBM,20201026,1172299.0,4306.0,7203366,B/Q/N,114.45,112.22,-0.032586,0.16274322309875688,-0.1437355822343352,3312340.0,-0.019484491044124107,0.008088409942609589
ICLN,20201026,456514.0,1901.0,3844628,B/Q/N,19.89,19.8,-0.020772,0.11874074682908203,-0.11051128090659046,1013761.0,-0.004524886877828047,0.0342353339269813
IDEX,20201026,1451609.0,30961.0,4624930,B/Q/N,0.9,0.8977,-0.044797000000000003,0.313866155812088,-1.9302968114518144,-1664824.0,-0.0025555555555555206,0.019489542488559962
IEF,20201026,722558.0,0.0,4817785,B/Q/N,120.64,120.7,0.0026579999999999998,0.14997721982197212,0.05422970974001945,-232080.0,0.0004973474801061197,0.028728592725104352
IEFA,20201026,1141714.0,689.0,7801548,B/Q/N,60.7,60.33,-0.018546,0.14634454597984914,0.029748726283149812,3184084.0,-0.006095551894563502,0.006592486057123543
IEMG,20201026,1371478.0,0.0,17959604,B/Q/N,54.78,54.72,-0.012630999999999998,0.07636460135758004,-0.897326217871858,510524.0,-0.0010952902519167993,0.017628193953670986
IGSB,20201026,519947.0,0.0,1414925,B/Q/N,54.93,54.95,0.000182,0.36747318762478576,0.36747318762478576,1414925.0,0.00036409976333521074,0.0038225719302985278
IJR,20201026,307815.0,11223.0,4045200,Q/N,75.73,75.09,-0.020735999999999997,0.07609388905369327,-0.02019694421836217,1284553.0,-0.008451076191733797,0.006960681407553988
INFY,20201026,1376153.0,0.0,9727221,B/Q/N,15.02,14.92,-0.019711,0.14147442522381265,0.040675179449562254,2601503.0,-0.006657789613848179,0.0022837146172660664
INO,20201026,819356.0,4792.0,4310054,Q/N,10.67,10.45,-0.045662,0.19010341865786368,-0.1476430362493779,219752.0,-0.020618556701030986,0.025728526791373243
INTC,20201026,8186891.0,353769.0,54161291,B/Q/N,47.85,46.72,-0.030705,0.1511576044226863,0.10282697858046011,-43111420.0,-0.023615464994775393,0.012734843874911826
INUV,20201026,648815.0,19320.0,2299392,Q/N,0.418,0.3878,-0.052066,0.2821680687764418,0.2051878771060533,-3392254.0,-0.07224880382775122,0.02357264082577235
IPG,20201026,877866.0,1594.0,5945266,B/Q/N,19.16,19.0,-0.01758,0.14765798536179878,-0.20168103951647773,2197016.0,-0.00835073068893529,0.01524728622245358
IPOB,20201026,602908.0,27779.0,4240670,B/Q/N,18.5,17.98,-0.075103,0.142172817031271,-0.12059363823365038,1411302.0,-0.028108108108108085,0.1024316425120773
IPOC,20201026,327098.0,14811.0,2814498,B/Q/N,10.11,10.1,-0.009804,0.11621894916962101,-0.3740912460241808,195921.0,-0.0009891196834816802,0.033991521739130434
ISIG,20201026,464341.0,22638.0,6926415,Q/N,0.865,0.9499,0.104534,0.06703915373248644,-0.35738690605708345,5509412.0,0.09815028901734102,0.5675808957128904
ITB,20201026,211601.0,6261.0,4391284,B/Q/N,55.815,54.48,-0.036605,0.04818658961706872,-0.13353077646656242,-24513.0,-0.023918301531846296,0.1016500925925926
ITP,20201026,3739623.0,132725.0,12519312,B/Q/N,0.5801,0.74,0.34521,0.29870834755136705,0.29870834755136705,12519312.0,0.27564213066712645,0.43904586303485177
ITRM,20201026,1096907.0,26505.0,4683503,Q/N,0.5117,0.5196,-0.010851,0.2342065330159925,0.2143517920830679,-29019178.0,0.015438733632987896,0.22051332418008623
ITUB,20201026,2879202.0,11294.0,29887365,B/Q/N,4.5,4.52,0.0066820000000000004,0.09633509009576455,-0.012089616809861509,1611319.0,0.00444444444444435,0.006167627125474277
IVR,20201026,796843.0,3800.0,3764604,B/Q/N,2.78,2.76,-0.014286,0.21166715011725004,0.21166715011725004,3764604.0,-0.007194244604316554,0.020755880325247597
IVV,20201026,553109.0,9945.0,4327232,B/Q/N,343.32,340.59,-0.018359,0.12782050973925133,0.12782050973925133,4327232.0,-0.00795176511709198,0.006757604435074569
IVZ,20201026,620289.0,1760.0,7623600,B/Q/N,13.81,13.79,-0.013590999999999999,0.08136431607114748,-0.052087563588600214,3131404.0,-0.0014482259232441238,0.01660314827061134
IWM,20201026,3768804.0,14165.0,26509948,B/Q/N,160.92,159.55,-0.021585999999999998,0.1421656504192313,-0.01826912615032822,5631638.0,-0.008513547104150983,0.0988255284249767
IZEA,20201026,560081.0,7743.0,2014338,B/Q/N,0.831,0.7862,-0.018722000000000003,0.2780471797682415,-0.24299544903106368,943583.0,-0.053910950661853134,0.041606037522596506
JAGX,20201026,681289.0,8776.0,2275896,B/Q/N,0.2605,0.256,-0.0292,0.29934979454245714,-0.8403246020796792,166397.0,-0.017274472168905965,0.040579499594462824
JBLU,20201026,1555205.0,2455.0,10754300,B/Q/N,13.15,12.56,-0.06478,0.1446123876030983,-0.02879672609196568,-2132416.0,-0.04486692015209124,0.03947606018281619
JD,20201026,415248.0,3052.0,4882233,B/Q/N,81.12,81.41,0.000861,0.08505288461243042,-0.05458122283130802,-1952451.0,0.0035749506903352073,0.0015599215988358682
JDST,20201026,618393.0,5357.0,5615416,B/Q/N,10.83,11.04,0.041509,0.11012416533343211,0.06544121494813919,156712.0,0.01939058171745144,0.5382644094401995
JETS,20201026,1032992.0,5615.0,6679249,B/Q/N,18.32,17.78,-0.048179999999999994,0.1546569082841499,-0.036767367396893486,1738815.0,-0.029475982532751046,0.06626239087301587
JFU,20201026,1138560.0,47637.0,3306329,Q/N,1.37,1.48,0.064748,0.344357745402832,-0.36393341190514844,213142.0,0.08029197080291961,0.025784645547093237
JKS,20201026,2138805.0,82758.0,8348136,B/Q/N,62.11,64.92,0.008231,0.25620150414415865,-0.1487629524509264,-14663728.0,0.04524231202704882,0.04652564302248191
JMIA,20201026,6275571.0,105017.0,30816891,B/Q/N,18.97,18.03,0.008954,0.20364062682377662,0.0816354490899883,9859846.0,-0.04955192409066936,0.3930312458075998
JNJ,20201026,435814.0,3243.0,6929472,B/Q/N,144.43,143.97,-0.008744,0.06289281492154092,-0.027862587917775475,2782347.0,-0.00318493387800324,0.0026319546546887274
JNK,20201026,1711450.0,2400.0,8687250,B/Q/N,105.17,104.67,-0.007961000000000001,0.19700710811821923,0.19700710811821923,8687250.0,-0.004754207473614149,0.0728340286685502
JPM,20201026,1842308.0,36820.0,12410742,B/Q/N,102.65,101.24,-0.024756999999999998,0.1484446296603378,0.04395150802094554,-2675629.0,-0.013735996103263622,0.004072294174962606
JPST,20201026,807146.0,0.0,1954862,Q/N,50.8,50.8,0.0,0.41289154937791006,-0.20738244200701472,379484.0,0.0,0.006694732876712329
JWN,20201026,2138357.0,7604.0,12453052,B/Q/N,14.12,13.24,-0.07606399999999999,0.17171348838822803,-0.07880116357319755,1545195.0,-0.06232294617563733,0.07924295139658676
KDP,20201026,1131283.0,2093.0,7958024,B/Q/N,29.15,28.44,-0.026361,0.14215626894314468,0.14215626894314468,7958024.0,-0.024356775300171433,0.005655234033216865
KEY,20201026,996288.0,9181.0,8580741,B/Q/N,13.09,13.0,-0.033457,0.116107455055455,-0.012675203135094543,-1108444.0,-0.006875477463712747,0.008789896589343427
KGC,20201026,828946.0,9839.0,9766797,B/Q/N,8.54,8.51,-0.011614,0.08487388444748058,-0.018603073725635924,-863328.0,-0.0035128805620608153,0.007763132501390987
KHC,20201026,444754.0,1585.0,5488945,B/Q/N,31.01,30.58,-0.025183,0.08102722836537804,0.004124958569723169,1348352.0,-0.013866494679135867,0.0044896459302634344
KMI,20201026,2131457.0,7372.0,16125813,B/Q/N,12.67,12.38,-0.031299,0.13217671567938932,-0.05432501065037024,-101388.0,-0.022888713496448235,0.007124169990719629
KO,20201026,2163756.0,4685.0,14696396,B/Q/N,50.34,49.8,-0.014252,0.14723038219710466,0.007963091618930496,1206983.0,-0.010727056019070445,0.0034198067747121313
KODK,20201026,1891678.0,57783.0,7338125,B/Q/N,8.36,7.88,-0.069658,0.25778765011498167,-0.16987562709949322,3186520.0,-0.05741626794258368,0.0969572741226659
KOS,20201026,1037513.0,9058.0,5823506,Q/N,1.28,1.2,-0.097744,0.17815951421703696,-0.011573189228895692,1073239.0,-0.06250000000000006,0.014364482678433682
KR,20201026,958028.0,7555.0,7771002,B/Q/N,32.7,33.16,0.01221,0.12328242870095774,-0.1884471477462445,1592339.0,0.014067278287461581,0.010035842606816716
KRE,20201026,1556638.0,0.0,9924830,B/Q/N,41.97,41.74,-0.019958,0.1568427872316201,-0.04651943829018845,-1529131.0,-0.005480104836788108,0.33190541887933767
KSS,20201026,1614892.0,10289.0,9915770,B/Q/N,23.68,22.86,-0.046307999999999995,0.1628609780178443,0.02394353025932064,-748362.0,-0.03462837837837839,0.06284751015631018
KWEB,20201026,747053.0,0.0,3687815,B/Q/N,70.54,70.81,-0.002395,0.2025733394977785,0.2025733394977785,3687815.0,0.003827615537283754,0.08566353077816492
LAC,20201026,573899.0,28978.0,2071862,B/Q/N,10.43,10.45,-0.016008,0.2769967304772229,0.0659194076702313,312213.0,0.0019175455417065747,0.02285385574197249
LI,20201026,936699.0,2986.0,5672307,B/Q/N,18.3,19.08,0.036957,0.16513545546811906,-0.05953588428997275,2079539.0,0.042622950819672,0.013564527619130975
LLIT,20201026,8931553.0,703019.0,38540096,B/Q/N,5.735,4.53,0.395048,0.23174703560676133,0.23174703560676133,38540096.0,-0.2101133391455972,2.1791948477493537
LLNW,20201026,7594958.0,1251278.0,21855304,B/Q/N,4.26,3.89,-0.07381,0.3475109749102552,0.29839722485425907,-15468704.0,-0.08685446009389663,0.17903550511807917
LLY,20201026,216525.0,99.0,2947097,B/Q/N,141.9,141.7,-0.004776,0.07347060514126275,0.07347060514126275,2947097.0,-0.0014094432699085064,0.0030812214222982748
LOW,20201026,391325.0,4066.0,4380849,B/Q/N,169.97,168.13,-0.023295,0.08932629268892855,0.08932629268892855,4380849.0,-0.010825439783491224,0.005796797735382864
LQD,20201026,2236627.0,2194.0,9776567,B/Q/N,134.78,134.9,0.00208,0.2287742721959559,0.057101991838627936,-2234248.0,0.000890339813028673,0.023288630300142926
LUMN,20201026,2263454.0,3461.0,13554061,B/Q/N,9.54,9.25,-0.037461,0.16699452658505817,-0.18902120072189496,6146054.0,-0.030398322851152952,0.012349515196970392
LUV,20201026,1055374.0,41356.0,9712881,B/Q/N,42.08,41.1,-0.039495,0.10865715332042059,-0.04047322741753773,-2796904.0,-0.023288973384030343,0.016466079457345694
LVS,20201026,433958.0,6251.0,5168855,B/Q/N,49.95,49.13,-0.030583999999999997,0.08395631140745871,-0.13842974344256254,-1482920.0,-0.016416416416416422,0.0067672590800327845
LYFT,20201026,807900.0,8449.0,7230211,B/Q/N,25.68,24.84,-0.04535,0.11173947758924324,0.008547593096926001,-892608.0,-0.03271028037383177,0.023840213086113164
LYG,20201026,1383106.0,9774.0,6509972,B/Q/N,1.48,1.48,-0.019868,0.2124595927601532,0.0740563609265033,-3891801.0,0.0,9.194599547326356e-05
M,20201026,2516506.0,26170.0,21466966,B/Q/N,7.09,6.75,-0.06639,0.11722690574904716,-0.03207194917902191,-1820654.0,-0.047954866008462604,0.06919345968213815
MA,20201026,461506.0,3816.0,5173344,B/Q/N,326.41,318.06,-0.035041,0.08920845008566992,0.08920845008566992,5173344.0,-0.025581324101590093,0.005212249412797739
MAC,20201026,417020.0,940.0,2686529,B/Q/N,7.39,7.35,-0.018692,0.1552263161871694,0.1552263161871694,2686529.0,-0.005412719891745607,0.017974461860523858
MARA,20201026,3891184.0,309020.0,13681070,B/Q/N,2.91,2.54,-0.072993,0.2844210284721882,-0.4319998676835405,3208292.0,-0.12714776632302408,0.42563182093203095
MARK,20201026,6631406.0,344966.0,19331373,B/Q/N,1.44,1.27,-0.198738,0.3430385415459109,0.3294429243838293,-23591136.0,-0.11805555555555551,0.19428043837649128
MAT,20201026,1147322.0,4823.0,6749682,B/Q/N,14.0,13.75,-0.028612000000000002,0.16998163765344798,0.1378497248893965,-20931521.0,-0.017857142857142856,0.019457288629616168
MBIO,20201026,506963.0,61496.0,3763992,B/Q/N,2.75,2.66,-0.098305,0.13468758700868652,-0.0005674331651236153,713998.0,-0.032727272727272674,0.06754181109875454
MCEP,20201026,1875997.0,14727.0,6915630,B/Q/N,2.23,2.62,0.259615,0.2712691396156243,0.2712691396156243,6915630.0,0.17488789237668168,0.4832211416787117
MDLZ,20201026,553667.0,25357.0,6983485,B/Q/N,56.16,55.23,-0.024377,0.07928233539557972,0.07928233539557972,6983485.0,-0.016559829059829057,0.004889237224034083
MDT,20201026,390392.0,730.0,5763760,B/Q/N,110.02,107.93,-0.031323,0.0677321748303191,-0.07767811505940456,1844787.0,-0.01899654608253035,0.004287207764231029
MET,20201026,519937.0,1369.0,6717816,B/Q/N,40.33,39.38,-0.038105,0.07739673131863094,0.07739673131863094,6717816.0,-0.023555665757500514,0.007401227062969934
MFA,20201026,547276.0,552.0,2970453,B/Q/N,2.87,2.85,-0.027304,0.18423991222887554,0.05956005842626341,-2259189.0,-0.0069686411149825845,0.006552511442116741
MGI,20201026,667638.0,35912.0,2382802,B/Q/N,4.69,4.25,-0.10148,0.28019029696970205,-0.19880457150068787,1340033.0,-0.09381663113006404,0.03371998830867796
MGM,20201026,1318016.0,4068.0,8967479,B/Q/N,22.86,22.13,-0.052654,0.14697731659031485,0.010294570473046383,-2584118.0,-0.031933508311461085,0.018179244580445852
MGNI,20201026,357446.0,11379.0,2600324,B/Q/N,9.7,9.41,-0.040286,0.13746210087666,0.13746210087666,2600324.0,-0.02989690721649476,0.023585500059006288
MIK,20201026,698531.0,1224.0,3455464,B/Q/N,9.31,9.03,-0.043432000000000005,0.20215259079533168,-0.0626807167361528,794156.0,-0.030075187969924932,0.023436795411492253
MLCO,20201026,527603.0,3814.0,2436093,B/Q/N,15.8,15.91,-0.009340000000000001,0.21657752803361777,-0.028661748481146027,-631613.0,0.00696202531645566,0.0017030289691477936
MNKD,20201026,523822.0,1065.0,2154308,B/Q/N,2.0,2.08,0.014634000000000001,0.24315093292138357,-0.27018690680775626,475213.0,0.040000000000000036,0.009400278426634427
MO,20201026,728286.0,9059.0,7152807,B/Q/N,38.88,38.57,-0.013049999999999999,0.10181820927084989,0.021670801012761462,2651838.0,-0.007973251028806642,0.0038489118431206076
MOMO,20201026,2458454.0,1676.0,8967220,B/Q/N,15.05,15.18,-0.001972,0.27416010759187354,0.27416010759187354,8967220.0,0.008637873754152757,0.026605179699353238
MOS,20201026,261122.0,1666.0,3929588,B/Q/N,18.41,18.15,-0.029411999999999997,0.06645022328040497,-0.038801898454638065,772502.0,-0.014122759369907744,0.010365844166936679
MPC,20201026,638404.0,4738.0,6438524,B/Q/N,29.25,28.6,-0.043158,0.09915378120823966,0.039827050734389746,388317.0,-0.022222222222222174,0.009894834567827103
MPLN,20201026,553314.0,5300.0,2811896,B/Q/N,7.55,7.8,0.009056,0.19677612543280407,-0.34093492572015405,-207988.0,0.033112582781456956,0.004212822721852944
MRIN,20201026,9007474.0,717060.0,32528267,B/Q/N,3.2,3.37,-0.023188,0.27691220070223843,0.2555480426894707,-53860347.0,0.05312499999999998,4.6715879649576335
MRK,20201026,418730.0,2068.0,8704988,B/Q/N,79.33,78.84,-0.012401,0.048102306401800896,-0.01706561815409524,1730606.0,-0.006176730114710638,0.0034417391458853703
MRNA,20201026,657258.0,2462.0,3872799,B/Q/N,70.36,70.24,-0.004112,0.16971136379657192,-0.06803724036278247,143326.0,-0.0017055144968732882,0.00981482018564572
MRO,20201026,5045579.0,3540.0,27976581,B/Q/N,4.29,4.13,-0.06982000000000001,0.18035009353001355,0.027460116187547623,-2678123.0,-0.03729603729603733,0.035438549613181686
MRVL,20201026,532971.0,955.0,4549219,B/Q/N,41.0,40.89,-0.013033999999999999,0.11715659325260006,-0.015673882550306828,-1033807.0,-0.002682926829268279,0.006788256062848161
MS,20201026,1165270.0,11401.0,15561375,B/Q/N,51.15,50.32,-0.029882,0.07488220031970183,-0.06513378352900126,4023478.0,-0.01622678396871942,0.008609770975187248
MSFT,20201026,4427445.0,47432.0,37111561,B/Q/N,213.85,210.08,-0.028442,0.11930096392334454,-0.009915139589641006,18268244.0,-0.017629179331306907,0.004907102280997615
MT,20201026,1067240.0,0.0,4844784,B/Q/N,14.8,14.55,-0.013559000000000002,0.220286394605002,0.09095347567179166,2000512.0,-0.01689189189189189,0.004740940232482178
MU,20201026,2034430.0,10442.0,11678896,B/Q/N,52.4,52.14,-0.013434,0.17419711589177608,0.015625858694079342,-4492944.0,-0.004961832061068664,0.010491077349088095
MUR,20201026,1204136.0,11845.0,5599628,B/Q/N,8.62,8.03,-0.079128,0.2150385704193207,-0.023797617234519897,2145566.0,-0.06844547563805103,0.0364562378081184
MUX,20201026,621871.0,2000.0,2163859,B/Q/N,1.06,1.06,-0.018519,0.2873897975792323,0.2873897975792323,2163859.0,0.0,0.005376179105015309
MVIS,20201026,2860083.0,99601.0,7993821,B/Q/N,2.55,2.54,0.040984,0.35778672051826027,0.10719441291051629,5173918.0,-0.003921568627450897,0.05556805567440477
MYL,20201026,594207.0,2483.0,3514760,Q/N,15.51,15.05,-0.04079,0.16906047639099114,0.16906047639099114,3514760.0,-0.029658284977433856,0.006799072495212038
NAK,20201026,1929397.0,22964.0,5714343,B/Q/N,1.03,1.01,-0.019417,0.33764109014807125,0.07245802522359357,650675.0,-0.019417475728155355,0.011279915977763398
NAKD,20201026,5113779.0,263650.0,29559755,B/Q/N,0.075,0.071,-0.053333000000000005,0.17299801706746215,-0.13124985857383947,6512682.0,-0.053333333333333385,0.306923981017695
NAT,20201026,794472.0,21719.0,2675521,B/Q/N,3.11,3.13,-0.012618,0.29694104437976754,0.29694104437976754,2675521.0,0.006430868167202578,0.017782115399805842
NBEV,20201026,804565.0,44970.0,3640109,B/Q/N,2.85,2.54,-0.10563399999999999,0.22102772197206183,0.1354237635715232,-3464983.0,-0.10877192982456142,0.03698844580586753
NBY,20201026,786799.0,10918.0,2280044,B/Q/N,0.7292,0.6885,-0.050214,0.34508062125116884,0.34508062125116884,2280044.0,-0.05581459133296758,0.05462504178255896
NCLH,20201026,8236571.0,215717.0,27651064,B/Q/N,17.74,16.8,-0.08446899999999999,0.29787537289704297,0.16954402496538937,5697488.0,-0.05298759864712502,0.10032354531522528
NET,20201026,306175.0,2699.0,4115949,B/Q/N,55.07,54.75,-0.019169000000000002,0.07438746204095338,-0.11662030372003927,997903.0,-0.005810786272017437,0.021355881037074566
NFLX,20201026,1100858.0,473.0,6186087,B/Q/N,487.025,488.24,-8.2e-05,0.17795708337111973,-0.07474647376933194,1262666.0,0.002494738463117975,0.014002165909488955
NGD,20201026,913364.0,12400.0,5294849,B/Q/N,2.16,2.15,-0.022727,0.17250048112797928,0.02018751440249314,1177734.0,-0.004629629629629736,0.007832616863905325
NIO,20201026,19006470.0,107607.0,72610347,B/Q/N,26.61,26.01,-0.042342000000000005,0.2617598012580769,-0.12627713625386722,20927494.0,-0.02254791431792551,0.08727959612258887
NKE,20201026,395844.0,1937.0,5422455,B/Q/N,129.06,128.37,-0.012461999999999999,0.07300088244162468,0.07300088244162468,5422455.0,-0.005346350534635036,0.004321337977097732
NKLA,20201026,1369251.0,16864.0,8149815,B/Q/N,22.15,20.91,-0.072316,0.16801007139425864,-0.22458327442052264,1226473.0,-0.05598194130925501,0.02150455106923174
NLS,20201026,438563.0,11131.0,3197725,B/Q/N,26.23,23.86,-0.09587,0.13714844147010766,-0.2618206538403721,926128.0,-0.09035455585207781,0.1067077672616242
NLY,20201026,2860440.0,41528.0,13369478,B/Q/N,7.16,7.14,-0.012447999999999999,0.21395300549505372,0.09982374138175668,2209010.0,-0.002793296089385539,0.009530311359665887
NMTR,20201026,590037.0,13964.0,2712067,Q/N,0.7888,0.7063,-0.082489,0.2175598906664179,0.2175598906664179,2712067.0,-0.1045892494929005,0.019520575286508468
NNDM,20201026,6344475.0,925825.0,19055673,B/Q/N,3.17,3.13,-0.213568,0.33294415788935927,-0.01990366584291281,11900648.0,-0.012618296529968466,0.008273321880933401
NOK,20201026,5713740.0,76729.0,34590512,B/Q/N,4.3,4.23,-0.016279,0.16518229045005173,-0.1617725997584203,18750492.0,-0.01627906976744172,0.00611800645206447
NOV,20201026,552058.0,18683.0,4970824,B/Q/N,9.04,8.93,-0.028292,0.11105965530061011,0.11105965530061011,4970824.0,-0.012168141592920293,0.012802041558814361
NOVN,20201026,1309737.0,30748.0,3442135,B/Q/N,0.53,0.5129,0.005686,0.3805013458217066,-0.44490124085597105,1039671.0,-0.032264150943396235,0.025039466893558113
NRZ,20201026,2689108.0,34586.0,12176202,B/Q/N,8.33,7.92,-0.09278399999999999,0.22084948984913358,0.133934966383854,7199807.0,-0.049219687875150075,0.02928770307922617
NUGT,20201026,458505.0,200.0,2619145,B/Q/N,81.43,80.41,-0.028513,0.1750590364412814,-0.04668055790626274,-183106.0,-0.012526096033403048,0.7060769125631868
NVAX,20201026,488510.0,797.0,2767738,B/Q/N,91.03,87.38,-0.061742,0.17650153302082783,0.005672708481562427,-336381.0,-0.04009667142700215,0.04516680236484954
NVDA,20201026,1302241.0,9335.0,8422358,B/Q/N,537.08,525.65,-0.033038,0.154617151158856,-0.06569582149487799,2590922.0,-0.02128174573620329,0.013634723681736953
NXTD,20201026,1447274.0,94920.0,5306739,B/Q/N,0.466,0.415,-0.138647,0.27272379515932477,-1.2423521139546772,2984093.0,-0.109442060085837,0.15157801416008795
NYMT,20201026,681775.0,5008.0,3322630,B/Q/N,2.79,2.7,-0.028777,0.2051913694874241,0.2051913694874241,3322630.0,-0.03225806451612898,0.00879597243931636
OCGN,20201026,1062421.0,16326.0,3246176,B/Q/N,0.3209,0.3074,-0.049474,0.32728385645140623,0.04795995322037094,272578.0,-0.04206918043004054,0.020034849490305203
OGEN,20201026,1089557.0,17623.0,2601382,B/Q/N,0.531,0.5476,0.019739,0.4188377562387992,0.4188377562387992,2601382.0,0.03126177024482099,0.042642169318909164
OGI,20201026,837397.0,0.0,2572474,B/Q/N,1.24,1.22,-0.031745999999999996,0.3255220460925941,-0.17379345581302807,29735.0,-0.01612903225806453,0.013225607269856388
OKE,20201026,703119.0,11516.0,5358194,B/Q/N,30.13,29.51,-0.034043000000000004,0.13122313227180651,-0.09830372874524343,-22466.0,-0.020577497510786507,0.012062517960580768
ON,20201026,4112449.0,283.0,7651034,B/Q/N,25.77,25.55,-0.023318,0.5375023820309778,0.5375023820309778,7651034.0,-0.008537058595265769,0.018623730992556983
ONTX,20201026,1481267.0,15254.0,5439606,Q/N,0.28,0.268,-0.048971,0.27231145049843686,-0.11385849514838225,1978723.0,-0.04285714285714289,0.03027829415409366
OPK,20201026,3036694.0,4302.0,9169828,B/Q/N,4.28,4.31,0.002326,0.33116150052105664,0.15316663976872036,907140.0,0.007009345794392373,0.013689763046866579
OPTT,20201026,750629.0,1719.0,2936718,B/Q/N,2.11,2.0,-0.07192599999999999,0.2556013209303719,-0.6464791605496967,682336.0,-0.05213270142180089,0.12718744322410636
ORCL,20201026,2991264.0,78066.0,18876908,B/Q/N,58.1,57.49,-0.040234,0.15846154465551243,0.0997757537222885,9138077.0,-0.010499139414802055,0.006269548300351431
OSUR,20201026,1165607.0,1659.0,4013121,B/Q/N,14.83,15.92,0.06774,0.2904490046524887,0.2904490046524887,4013121.0,0.07349966284558326,0.05608172609345343
OTIS,20201026,324483.0,570.0,3026045,B/Q/N,63.84,63.21,-0.0037830000000000003,0.10723006432488612,0.10723006432488612,3026045.0,-0.009868421052631618,0.0069872744251975654
OVV,20201026,874251.0,4609.0,4926500,B/Q/N,9.55,9.13,-0.084253,0.17745884502182077,0.17745884502182077,4926500.0,-0.04397905759162302,0.018958228471093085
OXY,20201026,3575835.0,30453.0,26754805,B/Q/N,9.79,9.46,-0.055888,0.13365206735762045,-0.003285035817262666,6909161.0,-0.03370786516853915,0.02876421083993169
PAA,20201026,718976.0,545.0,4785976,B/Q/N,6.72,6.51,-0.045454999999999995,0.1502255757237395,-0.0060249967736682175,1510852.0,-0.031249999999999997,0.00657323634645232
PACB,20201026,788416.0,0.0,2943634,B/Q/N,13.67,13.95,0.0035970000000000004,0.2678376455768618,0.12351630043006714,585646.0,0.020482809070958258,0.016662451855432813
PACD,20201026,836625.0,7522.0,3156310,B/Q/N,0.2542,0.24,-0.056233000000000005,0.2650642680852008,-0.3634454893936141,1123869.0,-0.05586152635719902,0.04197031487582787
PBCT,20201026,895473.0,175.0,5303175,B/Q/N,11.34,11.08,-0.031469,0.1688560155001485,0.026452650550814222,-2263774.0,-0.022927689594356242,0.012484607631806562
PBF,20201026,788458.0,17100.0,5513604,B/Q/N,5.35,5.11,-0.065814,0.1430022903349606,-0.12525638391013444,776650.0,-0.04485981308411203,0.04588997387362901
PBI,20201026,531913.0,8310.0,2868903,B/Q/N,7.42,7.54,-0.009198,0.18540640795453872,0.18540640795453872,2868903.0,0.01617250673854449,0.016575386200634784
PBR,20201026,1297923.0,2960.0,16123701,B/Q/N,7.26,7.19,-0.01776,0.08049783359292013,0.01956009654022428,-835872.0,-0.009641873278236832,0.0021664494926490877
PCG,20201026,4686620.0,162.0,17385402,B/Q/N,10.18,10.03,-0.021463,0.2695721387403064,-0.42159517104626776,9326770.0,-0.014734774066797678,0.008954746537325297
PE,20201026,1039577.0,0.0,13710289,B/Q/N,10.47,10.29,-0.037418,0.07582458692154484,-0.13076679544690756,1828927.0,-0.01719197707736404,0.03620707954119155
PEI,20201026,619398.0,18307.0,3105154,B/Q/N,0.58,0.5601,-0.09383599999999999,0.1994741645663951,0.1994741645663951,3105154.0,-0.03431034482758607,0.039065701451591855
PEIX,20201026,2653587.0,17919.0,10697937,B/Q/N,8.64,7.92,-0.107103,0.2480466093602907,-0.2789361665030853,5223352.0,-0.0833333333333334,0.16847920682205902
PENN,20201026,973668.0,5468.0,5351122,B/Q/N,61.44,60.68,-0.033757999999999996,0.18195585897686503,-0.03116121507595232,1789718.0,-0.012369791666666635,0.03448775568541473
PFE,20201026,3452296.0,17018.0,32052303,B/Q/N,37.87,37.92,-0.00681,0.10770820430594331,0.054238601273401785,3066451.0,0.0013203063110642796,0.005768039639731585
PFF,20201026,976100.0,0.0,4355234,B/Q/N,36.99,36.75,-0.008631999999999999,0.2241211379227844,0.08598337187350824,-713141.0,-0.006488240064882454,0.008969692101740295
PGX,20201026,846496.0,0.0,2746001,Q/N,14.9,14.82,-0.0067020000000000005,0.3082650006318279,-0.03018915062303562,-1681612.0,-0.005369127516778528,0.006299612296398256
PINS,20201026,6155604.0,15695.0,25385755,B/Q/N,53.45,50.46,-0.047925,0.242482604909722,0.040576367798263874,8733367.0,-0.05594013096351734,0.054867262241352105
PLAY,20201026,704404.0,14659.0,3537900,B/Q/N,19.65,18.61,-0.089976,0.199102292320303,-0.04006766170083756,-467854.0,-0.05292620865139945,0.07455629741191719
PLTR,20201026,3749054.0,21690.0,23767344,B/Q/N,9.72,9.95,0.048472,0.15773971210245452,-0.06435733491264897,11177879.0,0.02366255144032908,0.02042745509239364
PLUG,20201026,4140643.0,44534.0,26501952,B/Q/N,14.67,14.455,-0.038257,0.1562391706090178,-0.028872295462677416,6300648.0,-0.01465576005453305,0.06596789623278422
PM,20201026,417179.0,4624.0,5055874,B/Q/N,73.86,73.65,-0.010745,0.08251372561895332,-0.038459713602822604,1232605.0,-0.0028432168968317594,0.0032465902531229095
PNM,20201026,142820.0,200.0,3731222,Q/N,49.84,49.75,-0.0055969999999999995,0.03827700415574308,-0.1837988754263825,903004.0,-0.001805778491171818,0.046843091533412214
PPL,20201026,633380.0,538.0,4670769,B/Q/N,28.35,28.92,0.00872,0.1356050791636238,0.1356050791636238,4670769.0,0.020105820105820117,0.00607553626966257
PRTY,20201026,1596070.0,30069.0,4897541,B/Q/N,2.09,1.97,-0.075117,0.32589211606395946,-0.12162592140000311,1695317.0,-0.05741626794258368,0.044292154665733593
PS,20201026,137838.0,85.0,2012044,B/Q/N,17.86,17.5,-0.029933,0.06850645413320981,0.06850645413320981,2012044.0,-0.020156774916013406,0.01797676505680632
PSQ,20201026,1096555.0,3581.0,6241930,B/Q/N,16.24,16.32,0.015557000000000001,0.17567563237652456,-0.06094597731157664,3558143.0,0.004926108374384351,0.13580484090290998
PSX,20201026,348584.0,9267.0,3215005,B/Q/N,49.64,48.14,-0.04635500000000001,0.10842409265304409,-0.05510876335274001,-75398.0,-0.030217566478646252,0.007362101189416013
PTE,20201026,2504709.0,55748.0,6687117,B/Q/N,1.0,1.13,0.130565,0.37455737651965715,0.37455737651965715,6687117.0,0.1299999999999999,0.17182619736058302
PTON,20201026,3023453.0,11665.0,11917914,B/Q/N,123.02,118.1,-0.036154,0.2536897816178234,-0.3195924855081872,382040.0,-0.03999349699235898,0.04675984170529783
PXD,20201026,620648.0,1500.0,3580646,B/Q/N,83.7,82.8,-0.032032,0.17333408552534935,-0.14392174031499877,712519.0,-0.010752688172043078,0.021773432473925804
PYPL,20201026,778144.0,1513.0,7715998,B/Q/N,200.66,197.22,-0.028664000000000002,0.10084813396789372,-0.16681099434888413,1074801.0,-0.017143426691916663,0.006576322786761175
QCOM,20201026,386953.0,7798.0,6065923,B/Q/N,127.53,126.2,-0.020794999999999998,0.06379128122793513,-0.014580405934693216,2123683.0,-0.010428918685799406,0.00537632413438299
QD,20201026,747421.0,37312.0,2293739,B/Q/N,1.52,1.4,-0.084967,0.3258526798384646,0.07698194398169936,-1196587.0,-0.0789473684210527,0.012057849737512692
QEP,20201026,801605.0,6000.0,3183448,B/Q/N,0.925,0.9257,-0.032201,0.2518040187871767,0.2518040187871767,3183448.0,0.0007567567567566734,0.013137110108467959
QID,20201026,2106397.0,8896.0,11590033,B/Q/N,9.05,9.17,0.031495999999999996,0.18174210547976868,-0.08839563694011535,3604766.0,0.013259668508287206,0.3903126034712735
QQQ,20201026,5922524.0,47497.0,38421094,B/Q/N,282.32,280.47,-0.014996,0.1541477189587574,-0.0288509854020369,13792324.0,-0.006552847832246975,0.07788585850395296
QRTEA,20201026,451028.0,2764.0,3524981,B/Q/N,7.36,7.33,-0.017426,0.12795189534354937,0.12795189534354937,3524981.0,-0.004076086956521773,0.009097245148084606
RAD,20201026,738831.0,4053.0,4661300,B/Q/N,9.85,10.33,0.034034,0.15850320725977732,0.15850320725977732,4661300.0,0.048730964467005124,0.0844069874491936
RAVE,20201026,1312113.0,8337.0,4040888,B/Q/N,0.765,0.7335,0.069242,0.3247090738471346,0.3247090738471346,4040888.0,-0.04117647058823526,0.26128871606240117
RCL,20201026,3011822.0,101476.0,12161287,B/Q/N,62.22,58.26,-0.096464,0.24765651859050772,0.03682150754930688,7125150.0,-0.06364513018322085,0.054513454182130834
RDS/A,20201026,455857.0,6578.0,0,B/Q/N,0.0,0.0,0.0,0.0,0.0,0.0,0.0,0.0
RF,20201026,1159704.0,6492.0,9455553,B/Q/N,13.59,13.35,-0.031204999999999997,0.12264792974033353,-0.16741611144707494,160285.0,-0.017660044150110393,0.0098478348131
RIDE,20201026,1636174.0,290861.0,4986198,B/Q/N,19.32,18.97,0.041734999999999994,0.32814059931033623,0.32814059931033623,4986198.0,-0.01811594202898558,0.1424628
RIG,20201026,5173685.0,3292.0,12201171,B/Q/N,0.8257,0.8063,-0.038975,0.4240318408782239,-0.0010850208950931584,-3895410.0,-0.023495216180210696,0.019851809240242567
RIGL,20201026,611013.0,325.0,2386749,B/Q/N,2.46,2.44,-0.00813,0.25600220215866853,0.25600220215866853,2386749.0,-0.008130081300813016,0.014128718907689118
RIOT,20201026,2068999.0,33551.0,6772341,B/Q/N,3.98,3.85,-0.015345,0.3055072093977548,-0.29739367574531894,-512470.0,-0.03266331658291455,0.1384291656301695
RKT,20201026,1595640.0,11031.0,7427791,B/Q/N,20.2,19.88,-0.033544,0.2148202608285559,-0.0823392839929982,-1256803.0,-0.015841584158415856,0.074002203689823
ROKU,20201026,835810.0,4535.0,3136753,B/Q/N,223.63,218.42,-0.024737,0.26645706563443156,-0.19027975662296093,967622.0,-0.02329741090193627,0.02962238075793181
RPRX,20201026,118421.0,18.0,2020490,B/Q/N,39.0,38.77,-0.0061519999999999995,0.05861004013877822,0.05861004013877822,2020490.0,-0.005897435897435817,0.005521984761733651
RRC,20201026,729565.0,9466.0,5260659,B/Q/N,9.17,8.74,-0.038504000000000004,0.1386831953943413,-0.14472998458418826,1578392.0,-0.046892039258451444,0.020543018852618295
RTX,20201026,990425.0,15352.0,7596832,B/Q/N,61.65,60.81,-0.028128,0.13037342407993227,9.952384328393293e-05,1732434.0,-0.013625304136252982,0.004972870717836664
RUN,20201026,1046575.0,2433.0,5781759,B/Q/N,55.28,56.3,0.004819,0.1810132521953959,-0.15994241056165412,1471703.0,0.018451519536902966,0.029480720987150724
SABR,20201026,2595142.0,14590.0,8302386,B/Q/N,7.0686,6.77,-0.07133099999999999,0.3125778541253081,0.0357628747648,-3341796.0,-0.042243159890218776,0.026193451147252474
SAN,20201026,1385028.0,2008.0,7717525,B/Q/N,2.05,2.06,-0.009615,0.1794653078545259,0.00037668931338097345,-280158.0,0.004878048780487918,0.0004644043680117165
SAP,20201026,2698809.0,199117.0,11290158,B/Q/N,118.27,115.02,-0.231561,0.23904085310409295,0.23904085310409295,11290158.0,-0.027479496068318256,0.009190166143440684
SAVA,20201026,690302.0,3808.0,2724867,B/Q/N,9.05,9.07,-0.026824,0.2533341994306511,0.2533341994306511,2724867.0,0.0022099447513811684,0.10934750942170081
SAVE,20201026,1181052.0,8471.0,9267622,B/Q/N,18.09,17.13,-0.078041,0.12743851659034,-0.031853692965864655,-1606444.0,-0.05306799336650088,0.09488304302371052
SBE,20201026,545484.0,321.0,2761770,B/Q/N,15.6,14.16,-0.092889,0.19751246483233578,-0.22437544575928833,1235649.0,-0.09230769230769227,0.08792152162869686
SBUX,20201026,576607.0,1781.0,7756413,B/Q/N,90.03,89.66,-0.012555,0.07433938858077825,0.07433938858077825,7756413.0,-0.004109741197378702,0.006635083832335329
SCHW,20201026,736143.0,823.0,11991755,B/Q/N,39.82,39.15,-0.029740000000000003,0.06138742827884659,-0.07821652286884447,3748378.0,-0.016825715720743387,0.006670825329602551
SCKT,20201026,851640.0,67817.0,4395076,B/Q/N,2.36,2.73,0.070588,0.1937713932591837,0.1937713932591837,4395076.0,0.1567796610169492,0.7263802018128616
SDC,20201026,2425669.0,24914.0,8896604,B/Q/N,11.15,10.19,-0.102993,0.27265111496476635,-0.3247979417112027,1788018.0,-0.08609865470852025,0.08035902001457709
SDOW,20201026,2262651.0,28839.0,10574576,B/Q/N,17.44,18.0,0.068249,0.21397084857113893,-0.11148187824939507,5411860.0,0.03211009174311919,0.34295219573609814
SDS,20201026,3825271.0,1742.0,16776128,B/Q/N,15.19,15.42,0.036987,0.22801870610429295,-0.11096214071156738,10316471.0,0.015141540487162635,0.2520979639563071
SELB,20201026,8563980.0,119533.0,23158722,B/Q/N,3.11,3.11,0.09894,0.3697950171861815,0.08413331185229467,19121366.0,0.0,0.21614695668170353
SESN,20201026,653047.0,4152.0,2037861,B/Q/N,1.23,1.11,-0.059322,0.3204570871124184,0.3204570871124184,2037861.0,-0.097560975609756,0.017392101617493844
SH,20201026,2580603.0,3957.0,16128811,B/Q/N,19.86,20.01,0.018321,0.15999958087425042,-0.1161992088163114,9470679.0,0.007552870090634549,0.11243050526229587
SHY,20201026,523056.0,0.0,2319209,B/Q/N,86.42,86.42,0.00011599999999999999,0.22553206718325083,-0.11379793545773934,304813.0,0.0,0.009435349877949552
SIG,20201026,775360.0,131.0,2604656,B/Q/N,25.9,25.67,-0.032781,0.297682304304292,0.297682304304292,2604656.0,-0.00888030888030876,0.0497613080886446
SIRI,20201026,3613039.0,217853.0,24029842,B/Q/N,5.93,5.79,-0.031772999999999996,0.1503563360924304,-0.04254144168493809,2311541.0,-0.023608768971332156,0.0056547438079611635
SJNK,20201026,789795.0,0.0,3445069,B/Q/N,26.07,25.95,-0.006128,0.22925375369840198,-0.16720928809146193,1377247.0,-0.004602991944764135,0.02561389591078067
SLB,20201026,1781412.0,6818.0,17382370,B/Q/N,15.15,15.17,-0.014935,0.10248383850993852,0.01713717196639973,3521442.0,0.001320132013201292,0.012487065571587113
SLV,20201026,1641338.0,0.0,17609231,B/Q/N,22.66,22.61,-0.014384999999999998,0.09320895387197771,-0.051729750600379557,-994247.0,-0.0022065313327449564,0.02907732992073976
SM,20201026,1175163.0,997.0,4096355,B/Q/N,1.57,1.52,-0.055901,0.28688016541535094,-0.00015075628068411673,556381.0,-0.03184713375796181,0.035788874875803664
SMH,20201026,1314897.0,2868.0,3232627,B/Q/N,182.57,180.06,-0.021413,0.4067580330177283,0.4067580330177283,3232627.0,-0.01374815139398582,0.20628166650149893
SNAP,20201026,33673724.0,320726.0,138808570,B/Q/N,43.19,41.27,-0.044012,0.2425911022640749,0.08914527475826056,-66955096.0,-0.04445473489233607,0.11242220761293502
SND,20201026,514415.0,5419.0,3332426,B/Q/N,1.53,1.41,0.101562,0.15436651856635375,0.15436651856635375,3332426.0,-0.07843137254901968,0.0792958061949853
SNDL,20201026,3503474.0,120935.0,13168008,B/Q/N,0.1849,0.174,-0.009112,0.26605952851790493,-0.03559908741358214,-713747.0,-0.058950784207679935,0.05891726174496644
SNOW,20201026,761494.0,32692.0,4040120,B/Q/N,266.07,251.39,-0.051537,0.18848301535597953,-0.04107467106294618,-1573567.0,-0.055173450595707926,0.11157868125041409
SO,20201026,508450.0,868.0,3949410,B/Q/N,60.27,60.61,-0.003944,0.12874074861814802,-0.0349949908262025,-445843.0,0.005641280902604883,0.003739508585919894
SOL,20201026,491709.0,15401.0,2282790,B/Q/N,3.5,3.22,-0.098039,0.21539826265228076,0.21539826265228076,2282790.0,-0.07999999999999995,0.004290966228398975
SOLO,20201026,1106247.0,9770.0,3761037,B/Q/N,2.61,2.51,-0.049242,0.29413350626436274,-0.07707452376942103,1148246.0,-0.03831417624521077,0.058654860619347125
SONO,20201026,838333.0,1900.0,4193013,B/Q/N,15.87,15.94,-0.0031269999999999996,0.19993570256042612,-0.3428285543903913,-1454776.0,0.004410838059231272,0.037904497956345505
SPAQ,20201026,1494280.0,3337.0,7676832,B/Q/N,10.4,10.0,-0.031008,0.1946480006335947,0.03801183549527348,-2010005.0,-0.03846153846153849,0.13907304347826088
SPCE,20201026,2758535.0,9003.0,12612027,B/Q/N,19.0,18.32,-0.042842000000000005,0.2187225733024517,0.052545060647499364,-3506959.0,-0.03578947368421051,0.053896663138747594
SPG,20201026,383730.0,6865.0,3852699,B/Q/N,66.01,64.68,-0.032895,0.0996003061749698,-0.0120977989973452,659216.0,-0.020148462354188733,0.012595161706984685
SPIB,20201026,69664.0,8000.0,1679549,Q/N,36.8,36.82,0.0008150000000000001,0.04147780148123097,0.04147780148123097,1679549.0,0.0005434782608696502,0.010105585273151987
SPLG,20201026,966562.0,0.0,2962174,B/Q/N,40.22,39.89,-0.018455,0.32630156094814144,0.32630156094814144,2962174.0,-0.00820487319741418,0.017434808711006475
SPPI,20201026,1060232.0,28433.0,4060421,B/Q/N,3.33,3.4,0.0,0.2611138106122493,-0.0763885940057551,1248124.0,0.021021021021020974,0.02786194946164664
SPR,20201026,961501.0,2518.0,4816831,B/Q/N,20.0,18.98,-0.073242,0.19961277445689915,0.05983332769276559,558358.0,-0.050999999999999976,0.04560355684246822
SPWR,20201026,2976752.0,4694.0,9393045,B/Q/N,16.18,16.42,-0.026097000000000002,0.31691022453315193,0.006060766448452881,739940.0,0.014833127317676267,0.05522531125278439
SPXL,20201026,2659151.0,19979.0,11198269,B/Q/N,55.76,54.41,-0.054068,0.2374608968582555,-0.054354759460618796,5662370.0,-0.024210903873744645,0.4357302943295605
SPXS,20201026,10112913.0,300.0,42423972,B/Q/N,5.34,5.46,0.054054000000000005,0.2383773259137546,-0.08662999892436757,19522442.0,0.02247191011235957,0.31993006660769807
SPXU,20201026,9427708.0,0.0,35995309,B/Q/N,8.08,8.25,0.054987,0.2619149067452095,0.045709508338385496,21414748.0,0.02103960396039603,0.33894323913808533
SPY,20201026,7568628.0,31783.0,91473002,B/Q/N,342.13,339.39,-0.01848,0.08274165966478284,-0.018693903145077365,42379086.0,-0.008008651682109166,0.10629200897779288
SPYV,20201026,1453535.0,0.0,5864173,B/Q/N,30.99,30.8,-0.018796,0.24786700528787264,0.24786700528787264,5864173.0,-0.006131010003226774,0.03211435391287182
SQ,20201026,1004530.0,6051.0,6489402,B/Q/N,175.01,169.89,-0.038921000000000004,0.154795464975047,-0.08021615381336988,2327178.0,-0.02925547111593626,0.017477800488084408
SQQQ,20201026,20248603.0,206377.0,84589482,B/Q/N,22.16,22.58,0.04537,0.23937494971301515,-0.0971832798413444,35940578.0,0.018953068592057677,1.221701326642315
SRNE,20201026,1488313.0,11126.0,7696210,B/Q/N,7.99,7.92,-0.019802,0.193382587013608,-0.04601139455436179,223566.0,-0.008760951188986269,0.02940429404527867
SRTY,20201026,1043421.0,37816.0,6602107,B/Q/N,6.8,6.97,0.065749,0.15804363667538257,-0.056700271621922316,2738491.0,0.02499999999999999,0.3083203296368184
SSNT,20201026,607096.0,2100.0,1775096,B/Q/N,2.87,3.27,0.163701,0.34200741819034014,0.34200741819034014,1775096.0,0.13937282229965153,0.39435439456988924
SSO,20201026,603764.0,8740.0,4427237,B/Q/N,76.51,75.27,-0.036482,0.13637489928820165,0.13637489928820165,4427237.0,-0.016207031760554293,0.1319593740685544
STNE,20201026,162272.0,625.0,2597403,Q/N,58.24,56.15,-0.048305,0.0624747103164199,0.0624747103164199,2597403.0,-0.03588598901098907,0.011500983909941068
STX,20201026,449024.0,367.0,4051725,B/Q/N,50.45,48.96,-0.035081,0.11082292110150616,0.11082292110150616,4051725.0,-0.029534192269573874,0.01570436046511628
SU,20201026,694017.0,3200.0,7475534,B/Q/N,12.37,12.28,-0.019952,0.09283845140694966,0.009638896238030437,-1221700.0,-0.007275666936135802,0.004901504840969843
SWN,20201026,3303035.0,3903.0,15640348,B/Q/N,3.1,3.01,-0.041401,0.21118679712241697,0.0824412250996964,1045648.0,-0.029032258064516224,0.025828486885520054
SXTC,20201026,1471115.0,13765.0,5246911,B/Q/N,0.3297,0.325,-0.003067,0.28037734964439076,0.1952973772555552,1096416.0,-0.01425538368213522,0.08724945703045169
SYF,20201026,609332.0,5918.0,5266669,B/Q/N,27.27,26.89,-0.030991,0.11569589810941223,0.042786287917944046,-2084735.0,-0.013934726806013898,0.00902135834189791
SYY,20201026,469179.0,2882.0,3163087,B/Q/N,63.83,60.8,-0.061728,0.1483294642227672,0.1483294642227672,3163087.0,-0.047469841767194126,0.006213179416716435
T,20201026,6280774.0,13137.0,41524470,B/Q/N,27.63,27.38,-0.015816,0.15125476616558864,-0.12675047054483868,-1098853.0,-0.009048136083966703,0.005827995789473684
TAL,20201026,373816.0,0.0,4623181,B/Q/N,70.01,69.4,-0.012943,0.08085688187419009,-0.04606366187294887,-4119265.0,-0.008713040994143686,0.03471694478696747
TBLT,20201026,502989.0,30256.0,2023325,B/Q/N,0.7677,0.7336,-0.044418,0.2485952578058394,0.2485952578058394,2023325.0,-0.044418392601276564,0.05267068685366261
TECK,20201026,736871.0,3462.0,5162806,B/Q/N,13.6,13.35,-0.036101,0.14272684272854722,-0.05330810846824355,1152414.0,-0.01838235294117647,0.009865862793808524
TELL,20201026,1300343.0,200.0,4354452,B/Q/N,0.89,0.9089,0.021351,0.2986237992748571,-0.2799263275357344,1897244.0,0.021235955056179805,0.013502597229717762
TEVA,20201026,842888.0,7945.0,6053177,B/Q/N,9.29,9.12,-0.024599000000000003,0.13924720853198247,-0.024065791019282218,2001791.0,-0.018299246501614633,0.005524100254736895
TFC,20201026,633580.0,1172.0,4871257,B/Q/N,43.13,43.03,-0.020710000000000003,0.13006499143855477,0.13006499143855477,4871257.0,-0.0023185717597959984,0.003613375832085915
THBR,20201026,1375.0,0.0,1400513,B/Q/N,10.15,10.13,-0.003933,0.0009817831037626926,-0.024953378991000398,1388483.0,-0.0019704433497536524,0.04059457971014493
TLRY,20201026,4054867.0,127546.0,11606950,B/Q/N,6.65,5.86,-0.129272,0.34934819224688657,-0.1638697453670333,4180678.0,-0.11879699248120301,0.10416750055471878
TLT,20201026,1372707.0,2043.0,7227337,B/Q/N,159.21,159.48,0.009303,0.18993261280053775,-0.0881444579687799,-1556512.0,0.0016958733747879015,0.060479807531380755
TME,20201026,1346478.0,1430.0,11316433,B/Q/N,14.84,15.04,0.008043,0.11898431245958864,-0.06706103890673303,6806624.0,0.013477088948787014,0.008436692008296571
TNA,20201026,2298250.0,66347.0,11864305,B/Q/N,37.59,36.57,-0.06422699999999999,0.19371130462340608,0.015210073034570282,4264772.0,-0.02713487629688755,0.4872404517453799
TNXP,20201026,1011228.0,30075.0,3450163,B/Q/N,0.6716,0.6386,-0.042004,0.2930957175066801,-0.18673180743734535,469790.0,-0.04913639070875526,0.026483222596475165
TOPS,20201026,618584.0,541.0,1817791,B/Q/N,1.11,1.06,-0.045045,0.34029434626973065,-1.5050519078905231,545633.0,-0.045045045045045085,0.0018254591661591832
TPR,20201026,720475.0,4574.0,6090730,B/Q/N,21.25,21.27,-0.007466,0.11829041838991386,-0.022581276485680868,-319770.0,0.0009411764705882153,0.021958583518518628
TQQQ,20201026,8649955.0,71757.0,39639153,B/Q/N,135.77,132.95,-0.04558500000000001,0.218217452830034,-0.0774830715690438,15780034.0,-0.020770420564189596,0.6252232334384858
TRVN,20201026,854039.0,8724.0,2726211,B/Q/N,2.65,2.6,-0.022556,0.31326958918440284,0.03535363223178595,659651.0,-0.01886792452830182,0.01830293337933016
TSLA,20201026,5777937.0,75490.0,28239161,B/Q/N,411.63,420.28,-0.000832,0.20460724736120878,-0.04250335300190666,-5409092.0,0.021014017442849104,0.0302495414404438
TSM,20201026,749137.0,6121.0,5567997,B/Q/N,87.21,86.73,-0.017891999999999998,0.13454335553700908,-0.03281769833925263,1406294.0,-0.005503955968352136,0.000214728704386679
TTCF,20201026,468498.0,30632.0,3136362,B/Q/N,18.7,17.11,-0.10978099999999999,0.14937625184847922,-0.43611962007171323,2121120.0,-0.08502673796791443,0.05445072916666667
TTNP,20201026,9424964.0,131621.0,37639182,B/Q/N,0.165,0.1497,0.091108,0.25040299759968215,-0.05831702998466187,25881788.0,-0.09272727272727277,0.32235488961503106
TTOO,20201026,760881.0,5185.0,3860932,B/Q/N,1.32,1.34,0.0075190000000000005,0.19707184690121451,-0.348983448061028,2378844.0,0.015151515151515164,0.026096317777829055
TWLO,20201026,877563.0,1634.0,4684533,B/Q/N,308.0,300.62,-0.017903,0.18733201367137342,0.011866823189560088,2338666.0,-0.023961038961038947,0.03409380778352983
TWM,20201026,626913.0,18800.0,2527946,B/Q/N,7.76,7.89,0.045033000000000004,0.24799303466134165,0.24799303466134165,2527946.0,0.016752577319587614,0.189936358690454
TWO,20201026,664898.0,17004.0,3321166,B/Q/N,5.33,5.21,-0.036969,0.20020017066295392,0.20020017066295392,3321166.0,-0.02251407129455912,0.012134029111014667
TWTR,20201026,2849059.0,13576.0,22803976,B/Q/N,50.0,49.0,-0.028549,0.12493694082119715,-0.12300500089371079,7919072.0,-0.02,0.028831160232915817
TXMD,20201026,839626.0,5453.0,3477423,Q/N,1.45,1.44,-0.027027000000000002,0.24145063744042644,0.24145063744042644,3477423.0,-0.006896551724137937,0.012770821784863867
TXN,20201026,336552.0,518.0,4290788,B/Q/N,148.2,145.95,-0.02674,0.07843594230243955,0.07843594230243955,4290788.0,-0.015182186234817815,0.004674355669893918
TZA,20201026,3583444.0,79098.0,19840426,B/Q/N,13.45,13.79,0.066512,0.18061325900966038,-0.14154400311288726,6987579.0,0.025278810408921923,0.49923605187947645
U,20201026,716753.0,814.0,2933307,B/Q/N,98.0,99.96,0.027549,0.24434980723122401,-0.04605613559901528,-312150.0,0.019999999999999934,0.011137727861779719
UA,20201026,3719309.0,10160.0,8787423,B/Q/N,12.68,12.23,-0.040031,0.42325366606341813,0.28816510901548775,4303816.0,-0.035488958990536223,0.037957801828560504
UAA,20201026,749062.0,1939.0,9384476,B/Q/N,14.54,13.93,-0.049795,0.07981926747961207,0.017226168512079698,1670239.0,-0.04195323246217328,0.04977654203183437
UAL,20201026,5558179.0,51900.0,25924487,B/Q/N,37.37,35.34,-0.070245,0.21439880372560507,-0.019636038561843122,5249151.0,-0.05432164838105417,0.08909034783013699
UAMY,20201026,2875584.0,27983.0,8882074,Q/N,0.38,0.4258,0.126434,0.3237514121138824,0.3237514121138824,8882074.0,0.1205263157894737,0.11727018255905357
UBER,20201026,1460704.0,23324.0,12511721,B/Q/N,36.5,35.49,-0.034286,0.11674684881480334,0.007223996788365772,-3447542.0,-0.027671232876712273,0.007138856709255501
UCO,20201026,1387581.0,5126.0,6022217,B/Q/N,26.11,25.67,-0.050666,0.23041032895360627,0.16499010531527514,1364697.0,-0.016851780926847863,0.5398935779184849
UDOW,20201026,1040747.0,29740.0,4195903,B/Q/N,79.66,76.9,-0.067879,0.24803886076489376,0.06405533136553296,2109276.0,-0.03464725081596775,0.524487875
UMC,20201026,729346.0,600.0,4751888,B/Q/N,5.66,5.52,-0.010752999999999999,0.15348551986073747,-0.03559322182786012,514336.0,-0.024734982332155576,0.00038252571394328864
UPRO,20201026,2138757.0,22957.0,9196350,B/Q/N,59.23,57.79,-0.054791999999999993,0.2325658549315761,-0.018267610926514688,4335623.0,-0.024312004052000638,0.36206102362204723
UPS,20201026,696445.0,5125.0,4053863,B/Q/N,170.92,168.0,-0.022688,0.17179786292728688,-0.022753198997304713,1293215.0,-0.017084015913877766,0.005733235301407766
USB,20201026,796485.0,12168.0,6300088,B/Q/N,40.18,39.96,-0.017216,0.1264244245477206,-0.015795807146291252,539473.0,-0.005475360876057712,0.0041823186122436976
USMV,20201026,147167.0,6982.0,3156596,Q/N,64.45,64.07,-0.014761999999999999,0.04662205743148632,-0.03863405281116999,190920.0,-0.005896043444530793,0.005973875851627555
UVXY,20201026,8854938.0,69559.0,62410711,B/Q/N,17.31,18.99,0.135766,0.14188170360693375,-0.04673078694944191,42164247.0,0.097053726169844,0.7575870366669405
UXIN,20201026,1213436.0,17753.0,3490863,Q/N,1.0,0.9363,-0.0637,0.3476034436183832,-0.04503830626544092,-451433.0,-0.06369999999999998,0.003932846556856162
V,20201026,834282.0,14892.0,12608686,B/Q/N,196.0,193.07,-0.024948,0.06616724375561418,-0.024925972173344177,6732244.0,-0.01494897959183677,0.007478429706024332
VALE,20201026,1191984.0,16867.0,18734825,B/Q/N,11.26,11.14,-0.015031000000000001,0.06362397300214974,-0.00608895205366744,-10726541.0,-0.010657193605683768,0.003545257724827779
VBIV,20201026,1024085.0,2675.0,3960233,B/Q/N,2.55,2.46,-0.035294,0.25859210809060984,-0.13398418777573762,1379392.0,-0.03529411764705877,0.017129154304340415
VCIT,20201026,537902.0,0.0,2373687,B/Q/N,95.97,95.91,0.000939,0.22661033236479788,-0.2872952009217016,897548.0,-0.0006251953735542594,0.005732680945178563
VCSH,20201026,957185.0,209.0,1896756,B/Q/N,82.9,82.89,-0.000241,0.5046431907952315,-0.3575397677198483,77830.0,-0.00012062726176121972,0.004687390136745176
VEA,20201026,1847834.0,0.0,9573565,B/Q/N,41.19,40.96,-0.018687,0.19301420108392223,-0.25394182950587396,2998039.0,-0.0055838795824228425,0.005202885273685358
VER,20201026,2550774.0,30.0,13293168,B/Q/N,6.68,6.49,-0.038519,0.1918860876504382,0.1918860876504382,13293168.0,-0.028443113772455016,0.012331982594603878
VIAC,20201026,881838.0,2879.0,7403447,B/Q/N,28.64,28.75,-0.018101,0.11911181372676809,-0.1699277072647336,1526140.0,0.003840782122905008,0.013132000891226422
VIPS,20201026,878779.0,1899.0,8609155,B/Q/N,18.92,19.26,0.015287,0.1020749423143154,-0.23829466177058156,1792239.0,0.017970401691331916,0.07253663179295032
VIXY,20201026,1311249.0,11424.0,8791428,B/Q/N,18.62,19.76,0.087507,0.14915085467343872,0.14915085467343872,8791428.0,0.061224489795918394,0.573616479419028
VLDR,20201026,668838.0,5738.0,2606452,B/Q/N,13.05,13.99,0.061457,0.2566086005036732,-0.4484474666291467,1658838.0,0.07203065134099612,0.015075178898502068
VLO,20201026,575968.0,20938.0,4902007,B/Q/N,41.22,39.54,-0.057898,0.11749636424427791,-0.02737210019568058,-1314943.0,-0.04075691411935953,0.01202187505304933
VMW,20201026,1245705.0,3712.0,2292441,B/Q/N,147.47,142.62,-0.044101999999999995,0.5433967548128829,0.5433967548128829,2292441.0,-0.03288804502610697,0.020304097579513913
VNT,20201026,192057.0,2419.0,4594200,B/Q/N,30.26,29.49,-0.026410999999999997,0.04180423142222803,0.017766336499297455,-1107672.0,-0.02544613350958371,0.02727385722066287
VOD,20201026,672710.0,1532.0,4442371,B/Q/N,14.62,14.52,-0.021563,0.15143039606552447,-0.01861499076310341,-2476817.0,-0.006839945280437733,0.00016556308993582398
VOO,20201026,777063.0,5544.0,3335822,B/Q/N,314.31,311.8,-0.018416,0.23294498327548652,-0.1186903754540059,1906472.0,-0.00798574655594792,0.006375752200675995
VRT,20201026,428427.0,1051.0,3688438,B/Q/N,18.62,18.17,-0.035563,0.1161540467807782,-0.2943609690200355,1450895.0,-0.024167561761546684,0.011231140497869892
VTI,20201026,833808.0,24761.0,3873585,B/Q/N,175.04,173.63,-0.018151999999999998,0.21525486080723671,-0.44826450586426553,1460935.0,-0.00805530164533819,0.003994692079782774
VWO,20201026,767340.0,0.0,9128393,B/Q/N,44.81,44.77,-0.013007,0.08406079799587945,-0.11331971393258061,1682587.0,-0.0008926578888640738,0.006527915666530553
VXRT,20201026,1968685.0,8144.0,5982811,B/Q/N,5.5441,5.25,-0.069149,0.3290568597269745,-0.008775344487946368,604869.0,-0.053047383705200166,0.054653043381390036
VXUS,20201026,497027.0,6677.0,3062164,B/Q/N,53.0,52.77,-0.016769,0.16231233859453642,0.16231233859453642,3062164.0,-0.004339622641509375,0.005801868140516896
VXX,20201026,9454818.0,10654.0,50892662,B/Q/N,22.7,24.17,0.090212,0.18577959235066147,0.001072874021418202,31979939.0,0.06475770925110143,2.1236411066508216
VYGG/U,20201026,22956.0,0.0,0,Q,0.0,0.0,0.0,0.0,0.0,0.0,0.0,0.0
VZ,20201026,2219287.0,3900.0,15196813,B/Q/N,57.52,57.81,-0.0025879999999999996,0.14603634327802809,-0.07177448751758853,2318110.0,0.005041724617524324,0.0036725019333011116
WBA,20201026,1172823.0,109.0,7692893,B/Q/N,37.89,37.21,-0.021819,0.15245538966940006,0.034258432939836936,3818377.0,-0.017946687780416987,0.008884113432820143
WDAY,20201026,775278.0,1368.0,3862569,B/Q/N,218.65,210.33,-0.061613,0.2007156377012294,0.2007156377012294,3862569.0,-0.03805168076835121,0.02182242372881356
WDC,20201026,422871.0,1509.0,4886861,B/Q/N,41.34,40.495,-0.029362,0.08653223408646164,-0.023101690259307,-1809050.0,-0.020440251572327185,0.016063906991494525
WEI,20201026,1670079.0,92911.0,5295400,B/Q/N,1.8,1.74,-0.084211,0.3153829739018771,0.14965535294552326,515370.0,-0.03333333333333336,0.14962960639648623
WFC,20201026,3635644.0,20848.0,34034100,B/Q/N,22.97,22.7,-0.024914000000000002,0.1068235681272606,-0.007417080529062203,9494017.0,-0.011754462342185442,0.008235716878402903
WKHS,20201026,4853625.0,57695.0,14548333,B/Q/N,19.98,18.53,-0.088987,0.33362069729913385,-0.07429613680086505,6871148.0,-0.07257257257257253,0.12664591965901864
WMB,20201026,856554.0,7676.0,8787152,B/Q/N,19.66,19.2,-0.038076,0.09747799969774051,0.036294935959238,-387789.0,-0.02339776195320452,0.007240814656878553
WMT,20201026,568502.0,13092.0,5370597,B/Q/N,142.84,142.16,-0.011748000000000001,0.10585452604244928,-0.17666924520803934,1858266.0,-0.004760571268552274,0.0018952241488597974
WORK,20201026,1319087.0,15265.0,9524586,B/Q/N,28.65,27.75,-0.035118,0.1384928436784549,-0.08204582342513453,1553689.0,-0.031413612565444976,0.01971450124639563
WPG,20201026,516688.0,58365.0,1986134,Q/N,0.62,0.6244,-0.015142,0.260147603333914,0.08148979762185346,-643530.0,0.007096774193548322,0.010596538745569168
WPX,20201026,604650.0,100.0,7002678,B/Q/N,4.65,4.47,-0.062893,0.08634553809271253,-0.025555006809837424,1103091.0,-0.038709677419354965,0.012482051302124616
WSC,20201026,186541.0,0.0,2558829,Q/N,18.33,18.44,-0.009667,0.07290092460262096,0.07290092460262096,2558829.0,0.006001091107474249,0.011236673508072722
WTI,20201026,799916.0,0.0,2111434,B/Q/N,1.7,1.62,-0.063584,0.3788496348926843,0.3788496348926843,2111434.0,-0.047058823529411674,0.014904000624215857
WTRH,20201026,693836.0,2900.0,2403693,B/Q/N,3.02,2.9,-0.039735,0.28865416673427097,-0.12658982036301986,55659.0,-0.03973509933774838,0.0218367195670014
WU,20201026,847903.0,139.0,4393321,B/Q/N,21.73,21.39,-0.0264,0.19299818975212601,0.19299818975212601,4393321.0,-0.015646571560055215,0.010689242351495947
WWR,20201026,7089804.0,82466.0,21126431,B/Q/N,3.92,4.77,0.195489,0.3355892909692129,-0.006416123373212568,15053302.0,0.21683673469387746,1.808708609597535
WYNN,20201026,357978.0,2254.0,2959416,B/Q/N,74.59,73.52,-0.039707,0.12096237906397748,-0.08403697915490492,816941.0,-0.01434508647271762,0.02744062801961528
X,20201026,2081738.0,3496.0,12055128,B/Q/N,9.72,9.61,-0.034171,0.17268485245449072,0.07116437796063549,-9658620.0,-0.011316872427983663,0.05470258619510244
XLB,20201026,319191.0,2300.0,7416910,B/Q/N,65.17,64.35,-0.025,0.04303557681028892,0.04303557681028892,7416910.0,-0.012582476599662534,0.11124187226677376
XLE,20201026,3508094.0,8351.0,30400969,B/Q/N,29.87,29.3,-0.035867,0.11539415075881299,0.028499729830620782,5415648.0,-0.01908269166387681,0.10575199096127583
XLF,20201026,5011275.0,78915.0,53980959,B/Q/N,24.89,24.68,-0.022574,0.09283412323223084,0.031810545547138414,8897483.0,-0.008437123342707948,0.07030185646986994
XLI,20201026,914743.0,21977.0,10692826,B/Q/N,80.1,79.14,-0.025009,0.08554735670439227,-0.03840879929739818,2654508.0,-0.011985018726591683,0.06483408316457077
XLK,20201026,859278.0,27961.0,9094576,B/Q/N,117.13,115.87,-0.021699000000000003,0.09448246955108187,-0.01519810777880616,3938148.0,-0.010757278237855297,0.031166525740225187
XLP,20201026,981313.0,1700.0,9352339,B/Q/N,64.89,64.55,-0.012846,0.10492701344551347,-0.12238257464471092,4258238.0,-0.005239636307597525,0.04444567340450913
XLU,20201026,940506.0,70.0,10381561,B/Q/N,64.25,64.73,-0.00030900000000000003,0.09059389045635816,-0.0042659217244667424,3139063.0,0.00747081712062263,0.05457540724585142
XLV,20201026,688984.0,664.0,8135488,B/Q/N,106.95,106.62,-0.01113,0.0846887119740082,-0.054822862289789595,2437631.0,-0.0030855539971949347,0.03656969029474454
XOM,20201026,3874707.0,11116.0,30888694,B/Q/N,33.61,33.35,-0.023712,0.1254409461274083,-0.029003075405457907,3472929.0,-0.007735792918774115,0.007305342892896689
XOP,20201026,555150.0,1920.0,7217825,B/Q/N,44.08,42.54,-0.052983,0.07691375171883497,-0.012051449668410485,1344315.0,-0.034936479128856605,0.15950994475138122
XPEV,20201026,891169.0,1868.0,4263755,B/Q/N,20.06,19.62,-0.021446,0.20901036762196704,-0.059490627098569476,-195789.0,-0.021934197407776558,0.005130742365246509
XSPA,20201026,1073563.0,12604.0,3242038,B/Q/N,2.04,2.02,0.025381,0.33113831485010353,-0.07885622973773077,1150537.0,-0.00980392156862746,0.04712730807537891
YGYI,20201026,788374.0,42957.0,5315971,B/Q/N,0.65,0.7945,0.08955,0.14830291587369457,0.14830291587369457,5315971.0,0.22230769230769223,0.17561601883184846
YTRA,20201026,623411.0,91227.0,2187449,B/Q/N,1.2,1.05,-0.110169,0.2849945301581888,0.02695864514121865,-2613329.0,-0.12499999999999993,0.03939091137297499
YVR,20201026,4285583.0,47521.0,19521135,B/Q/N,2.09,1.85,0.10778399999999999,0.21953554442403067,0.21953554442403067,19521135.0,-0.11483253588516736,1.9832402575177148
ZM,20201026,3375421.0,9758.0,10080795,B/Q/N,520.4885,517.79,0.012258,0.33483678618601015,-0.16058886596757266,4712926.0,-0.005184552588578001,0.05176083162868525
ZNGA,20201026,2125937.0,1509.0,12098307,B/Q/N,9.45,9.33,-0.011653,0.17572185926510214,-0.0806917807525599,-3163814.0,-0.012698412698412617,0.011249651451440752
ZOM,20201026,3237209.0,93221.0,14148682,B/Q/N,0.075,0.0737,-0.027704,0.22879933268695982,-0.5112110975722445,5521859.0,-0.017333333333333277,0.025084027886123392
ZSAN,20201026,734517.0,9600.0,2411428,B/Q/N,0.4302,0.4174,-0.03847,0.3045983541702261,-0.025421021125492438,-1950828.0,-0.029753602975360373,0.030261756764310085
